YEAR,MONTH,north_bering_wind,south_bering_wind,west_aleutians_wind,central_aleutians_wind,east_aleutians_wind,west_gulf_wind,central_gulf_wind,east_gulf_wind,north_bering_wind_stdev,south_bering_wind_stdev,west_aleutian_wind_stdev,central_aleutian_wind_stdev,east_aleutians_wind_stdev,west_gulf_wind_stdev,central_gulf_wind_stdev,east_gulf_wind_stdev,north_bering_wind_n,south_bering_wind_n,west_aleutian_wind_n,central_aleutian_wind_n,east_aleutian_wind_n,west_gulf_wind_n,central_gulf_wind_n,east_gulf_wind_n
1987,7,4.269423,5.5063257,7.2641916,6.643015,6.7200994,6.404881,5.2486353,4.361846,0.91564155,0.6739067,0.48278356,0.368697,0.5364869,0.39462793,1.0430042,0.8170036,1333,852,728,655,752,702,976,930
1987,8,5.319429,5.719992,7.690764,6.7303147,6.1840305,6.20605,5.5819955,5.451475,0.9289147,0.49850416,0.33248138,0.5143296,0.25379124,0.3219726,0.84266764,1.0624526,1326,855,727,654,751,700,981,935
1987,9,8.904617,8.950818,7.6109347,8.1968355,8.943518,9.544379,8.737474,8.295844,0.5105371,0.42415345,0.30872777,0.4365805,0.4773268,0.41418874,0.7330331,0.52750003,1323,856,727,654,751,699,980,930
1987,10,9.410223,9.465122,9.85572,9.878834,10.200754,9.958283,9.386874,9.736205,0.7797995,0.47192284,0.2728219,0.32553786,0.36723515,0.5449996,0.6138489,0.71983564,1331,856,727,654,751,699,980,932
1987,11,10.268631,9.551502,10.918683,10.46337,10.262615,9.721023,9.850015,10.520644,0.7713212,0.3807456,0.46017933,0.3608846,0.43003646,0.4759791,0.5109552,0.61696947,1323,856,727,654,751,700,978,933
1987,12,9.019182,10.39393,5.6632967,8.051918,9.135241,10.102856,13.292005,11.265153,1.4714397,1.8124522,1.3485014,0.8920662,0.94186777,1.7482872,2.6571026,2.32332,725,850,727,654,751,697,956,917
1988,1,8.513545,8.904165,8.830625,8.837689,9.853848,9.134085,8.561574,9.741847,1.3368006,1.0788499,0.7661037,0.60715544,0.5290646,0.89539087,0.8170233,0.67834044,599,856,727,654,751,702,974,935
1988,2,11.45934,10.097054,9.414301,10.34456,10.027555,10.152967,11.34064,10.720942,1.8473632,0.43558565,0.49231517,0.31264558,0.41605836,0.691861,0.71011674,0.61483824,543,856,727,654,751,701,981,934
1988,3,9.950464,8.703517,9.628657,9.765417,9.323474,9.570535,9.943648,9.696484,2.9652352,1.7539886,0.24433108,0.46954995,0.4784102,0.38596687,0.74340445,0.6928357,184,802,727,654,751,700,980,932
1988,4,6.8109303,8.595307,8.09031,9.201135,10.121109,10.5613165,9.910742,8.552225,1.6836613,1.62521,0.41375375,0.41433096,0.71624476,0.39217883,0.67024446,0.66781926,402,856,727,654,751,700,984,937
1988,5,6.5946345,6.5124598,8.469529,9.275195,9.330092,8.459443,6.532676,6.700095,1.9186001,1.6009779,0.7924841,0.90114075,0.8064721,1.1316631,0.8372256,1.1436709,1041,859,731,658,755,704,984,939
1988,6,5.1540976,5.54378,6.6990023,6.2255864,5.817412,6.53206,6.9614854,6.7764444,0.5734078,0.35515413,0.33992964,0.55307055,0.55016243,0.38971525,0.88380134,0.84628516,1334,852,728,655,752,701,980,938
1988,7,4.800229,4.831078,5.423137,5.475982,5.7390804,5.9472356,5.593861,5.455326,0.65917385,0.42047587,0.23976523,0.3366085,0.3718174,0.3924699,0.57849365,0.44868863,1330,851,727,654,751,700,984,934
1988,8,6.83939,6.75013,5.9916773,6.554822,7.014638,7.920073,7.9542356,6.4389186,0.52687114,0.4877149,0.35261363,0.50033724,0.35328764,0.2745214,0.6286308,0.7175217,1329,855,727,654,751,701,979,935
1988,9,7.2581215,8.260613,8.158503,8.212664,8.923981,9.619006,9.254389,7.82401,0.741969,0.44772935,0.32140845,0.26674974,0.44796816,0.4253438,0.69641906,0.5260156,1330,851,727,654,751,699,981,936
1988,10,7.9558616,8.809508,9.169455,9.443057,9.495449,9.642486,9.094602,8.602368,0.69698346,0.4613156,0.33459446,0.38694322,0.5752832,0.25059938,0.5387471,0.7279335,1336,851,727,654,751,700,980,934
1988,11,10.24264,10.489178,10.239882,10.595754,11.10853,11.4743805,11.095657,9.965884,1.2317493,0.63575876,0.46101436,0.6511848,0.67883366,0.58851784,1.0276479,0.8891074,1333,856,728,655,752,701,984,935
1988,12,11.0055275,11.283941,10.274144,11.440994,11.067429,11.846366,11.276503,9.894113,1.7838829,1.0515888,0.78627264,0.56118,0.59224063,0.7575539,0.8959243,0.8768509,736,857,728,655,752,701,981,933
1989,1,11.719534,11.750399,12.674479,12.967272,12.841407,11.743773,11.9784975,10.971137,1.8000493,1.0921788,0.6118514,0.5633045,0.4801277,0.48893705,0.9388283,0.77915114,736,855,727,654,751,700,982,935
1989,2,9.311723,10.215351,11.522973,10.459713,10.454879,10.804774,8.697118,6.3643208,2.1189432,1.7735225,1.1692495,1.1739976,1.0481303,1.1932833,2.1342635,1.3079828,867,863,734,661,758,707,989,943
1989,3,8.393814,8.066413,10.335175,9.757856,8.56565,8.236863,8.190571,7.6454997,1.6993387,1.4497519,0.4910031,0.53986025,0.5286204,0.43319502,0.7328669,0.83527535,836,851,728,655,752,701,980,937
1989,4,8.116835,8.452616,9.04751,9.047323,9.11631,8.810124,6.6437597,6.1616693,1.9790757,1.5027025,0.43007287,0.33323094,0.32546526,0.6325314,0.6644423,0.6271301,1040,851,727,654,751,701,982,936
1989,5,6.6232257,7.0897164,7.4411254,8.168658,7.7817454,7.283829,6.778239,5.6452646,0.986493,1.0774405,0.49038103,0.50367546,0.46623275,0.6129316,0.6812837,0.40576482,1332,855,727,654,751,702,982,934
1989,6,4.5395885,5.8576083,5.753757,6.0971518,6.672274,7.4768047,7.280619,6.696289,0.4993333,0.5407535,0.5805858,0.35783806,0.3073375,0.4742505,0.62437147,0.6319929,1332,851,727,654,751,700,981,935
1989,7,5.612982,5.64364,5.212147,5.98061,5.8060713,6.352492,6.1029606,5.5417805,0.43105605,0.5733212,0.3902738,0.33345172,0.33695108,0.46534017,0.613861,0.3737349,1320,851,727,654,751,700,983,937
1989,8,5.9722276,6.388412,6.970343,6.8544025,7.184286,7.254408,6.924801,5.3832955,0.51249737,0.45030376,0.3604505,0.3628302,0.5220065,0.49968728,0.94529414,0.6561857,1333,856,728,655,752,701,982,935
1989,9,8.555248,8.475747,8.457841,8.47424,8.70178,9.558016,8.769026,7.5015497,0.5742571,0.4830831,0.55098987,0.5656755,0.45508665,0.34580532,1.0596837,0.7734114,1334,855,727,654,751,700,980,934
1989,10,9.314749,10.073218,10.50416,9.675941,9.526137,10.280166,10.276185,9.211888,0.68562573,0.39335746,0.847194,0.7240076,0.44425094,0.40549794,0.89128995,0.60490173,1328,856,727,654,751,700,979,935
1989,11,10.288346,10.25028,10.4511385,10.107687,10.353638,10.886787,10.165494,9.791427,0.7749042,0.5435298,0.37271813,0.3126341,0.19345763,0.41771314,0.54337317,0.6429647,1328,851,727,654,751,700,982,931
1989,12,10.423278,9.876789,9.800709,9.7948,9.7862015,9.512701,9.721191,9.563927,1.5879197,0.4991617,0.2653494,0.37092394,0.23000877,0.558954,0.54346776,0.8203623,1000,856,727,654,751,700,984,933
1990,1,10.765619,10.491703,12.231686,12.4076395,12.411894,11.831762,10.243344,9.414274,2.2890089,0.7107162,0.68342286,0.9023532,0.87853056,0.5440401,0.797549,0.5556363,598,855,727,654,751,700,981,932
1990,2,9.91971,9.50727,10.373804,10.756033,11.024635,10.573143,11.003442,10.139952,2.2164636,1.1055279,0.4162861,0.56894904,0.5041127,0.68378365,0.83686745,0.8659171,296,855,727,654,751,701,979,935
1990,3,8.372731,8.503411,10.220013,9.725685,9.8018265,9.838824,10.021492,8.482407,1.1568799,1.1534549,0.33132505,0.40687945,0.28624958,0.28298107,0.9108268,0.7057672,238,755,727,654,751,700,981,935
1990,4,6.671961,6.650628,7.1806693,7.4632854,7.619477,8.856042,7.0485454,5.812379,2.051954,0.9875532,0.66362566,0.79514855,0.71883523,0.8502919,1.2873422,0.7964191,571,855,731,658,755,704,985,936
1990,5,5.729698,7.1179233,7.9099765,7.994704,8.641758,7.989748,6.494981,5.2738767,1.8518884,0.883268,0.66565293,0.6757154,0.60882896,0.8151382,0.6643356,0.90301085,1213,855,727,654,751,700,979,933
1990,6,4.0583577,4.5326767,4.865024,5.079608,4.9156895,6.1592665,6.132469,5.050429,0.59394854,0.41318837,0.28821397,0.41465917,0.44091013,0.6006375,0.91332114,0.42500508,1332,855,727,654,751,702,982,934
1990,7,5.1390657,5.685191,5.1801867,5.9855704,6.258558,6.9413004,6.2299824,5.5192447,0.44494668,0.64649564,0.47508162,0.3176467,0.17802441,0.55539936,0.7075172,0.40192926,1337,851,727,654,751,700,980,933
1990,8,6.365554,6.340112,6.8875675,6.738149,6.295983,6.3037653,7.027624,6.597197,0.60262096,0.42073366,0.24640831,0.47540975,0.46537027,0.7313525,0.3895925,0.6970848,1327,855,727,654,751,700,979,934
1990,9,7.945317,8.532267,7.0217853,7.699433,8.768063,8.583127,8.88399,7.9140415,0.74776655,0.31656128,0.5341154,0.6797335,0.28367847,0.38479736,0.76703054,0.7835193,1333,851,727,654,751,700,981,932
1990,10,8.407352,9.673031,8.52336,8.510939,8.720334,9.36696,9.362207,9.539028,0.949157,0.5276613,0.44720802,0.7121263,0.6614198,0.683754,0.84723556,1.1031855,1335,855,727,654,751,702,978,934
1990,11,10.058909,10.575321,10.183461,9.2561035,9.356007,10.271122,11.625899,9.9045,0.8580542,0.52224034,0.60086775,0.4863114,0.33828458,0.55926454,1.3170688,1.1231036,1330,855,727,654,751,700,979,934
1990,12,10.714639,9.65748,11.750476,10.512614,10.2104645,10.62056,9.816392,9.59219,2.5072234,0.7455677,0.4227238,0.4717573,0.2632343,0.4483745,0.8380639,0.6733153,1055,856,727,654,751,700,979,935
1991,1,11.371344,10.918799,10.821102,11.454141,11.484333,10.836924,9.515835,8.08314,2.0488567,1.0319009,0.57460105,0.6171204,0.5082005,0.5758173,0.9152922,0.5233484,697,855,727,654,751,701,982,935
1991,2,10.004238,9.828486,9.614817,10.025592,10.091747,9.919075,9.162827,8.77688,2.3138952,2.2244346,0.5546644,0.44625893,0.29919773,0.5236798,0.8297436,0.64338547,215,772,727,654,751,700,979,933
1991,3,9.105999,9.431904,12.164747,11.814347,11.603716,10.549489,9.418657,7.361155,1.5611181,0.97944754,0.8721378,0.61101806,0.72404623,0.79063684,1.3446113,0.80238664,259,851,727,654,751,702,982,937
1991,4,4.876189,6.417255,8.123329,8.56047,9.22096,9.56257,8.437548,8.406131,2.556711,1.2299542,0.912779,1.3005879,1.2592616,1.1800877,0.8403458,0.8082708,249,851,729,656,753,704,984,937
1991,5,5.724466,6.219676,7.4941196,7.169164,7.438363,8.037037,7.688813,5.744925,1.7820822,1.1271844,1.2818117,1.4787456,1.3770559,1.2920852,1.1142315,1.1447208,1240,872,743,670,767,716,999,950
1991,6,4.8811183,5.596885,5.9717336,5.865509,6.337011,6.5243707,5.5747347,4.8432016,0.61311,0.38176107,0.6011845,0.34546933,0.37440258,0.43619418,0.65629596,0.48675877,1334,856,728,655,752,701,982,935
1991,7,4.806457,4.5359263,6.054376,5.6537633,4.7745447,4.9397583,5.340009,5.360601,0.6530149,0.38214523,0.31062427,0.41393426,0.4397819,0.39217126,0.7545545,0.6474335,1331,857,728,655,752,700,985,938
1991,8,5.816648,6.4188914,6.49129,6.9083643,6.9122343,7.6967487,7.2260337,6.718191,0.5460554,0.7216132,0.38117716,0.51694477,0.31958473,0.50023794,0.7610945,0.64355165,1330,855,727,654,751,701,980,937
1991,9,8.375348,8.205045,8.3710165,8.797197,8.928049,9.400247,9.455695,7.943248,0.49121326,0.57574266,0.85247433,0.81885135,0.83597857,0.67137253,0.6393127,0.8364123,1331,855,727,654,751,700,983,935
1991,10,8.634202,8.58083,8.149605,7.790929,8.690909,9.574922,8.692389,8.28913,0.69893694,0.31663692,0.43524453,0.52186286,0.4386616,0.36100373,0.46296299,0.54778343,1336,855,727,654,751,700,983,937
1991,11,9.870817,9.609574,9.7886095,9.753034,9.325786,9.970152,10.244203,9.921723,0.8124207,0.48015034,0.3135618,0.7070659,0.58672327,0.57274157,0.7870729,0.64781755,1333,856,727,654,751,702,982,932
1991,12,9.985314,11.128904,11.634242,12.031171,12.250866,11.523471,10.5075445,11.209297,1.5182391,0.9281459,0.7176035,0.41032892,0.27521986,0.76437926,0.82244986,0.52703243,1251,855,727,654,751,701,983,936
1992,1,9.657745,9.367111,8.984964,9.299442,9.79184,10.543801,9.533332,9.724844,1.8489499,0.64585644,0.85996985,0.897158,0.54809797,0.4335064,0.46342236,0.59379905,474,855,727,654,751,700,983,935
1992,2,9.195354,9.036011,11.542874,10.433602,9.78341,8.52602,7.8042445,8.398847,1.6968081,1.5670758,0.52272856,0.7329924,0.28209025,0.7239293,0.82541716,0.7878275,440,823,727,654,751,700,982,936
1992,3,12.3629055,9.95003,10.762279,11.494036,11.1318245,10.495688,9.379019,8.784342,1.6955296,1.5989796,0.5422855,0.25045562,0.4112485,0.40519294,0.6660141,0.6298057,187,705,727,654,751,700,982,937
1992,4,6.448276,5.933738,9.650485,8.452191,7.943975,6.4924817,7.6888294,7.500222,2.0253415,1.2527927,0.34417626,0.5247829,0.45934394,0.57777447,0.6725571,0.5682352,300,831,727,654,751,700,984,936
1992,5,4.540918,5.23403,7.6249886,7.0617447,6.6142783,5.3347945,6.121654,6.881459,1.9972563,0.9506636,0.8366648,0.9166663,0.7440038,0.7086228,1.0360676,1.0897193,978,864,735,662,759,709,990,945
1992,6,5.2035007,6.5140643,6.837935,7.273944,7.869843,7.0658092,6.8640738,5.776553,1.2049491,1.1183,0.37134835,0.46725085,0.24810804,0.46337643,0.97522557,0.5501206,1330,855,727,654,751,700,983,935
1992,7,4.78366,5.4923573,5.975257,5.93429,6.456182,6.7958093,6.0750437,5.7509193,0.81828094,0.6746765,0.21400784,0.2424809,0.20199588,0.562792,0.76603246,0.5719271,1336,851,727,654,751,702,981,935
1992,8,7.5328345,7.768465,6.914883,6.940128,7.642067,8.123367,7.5253825,7.2918444,0.59064096,0.60554796,0.35414568,0.34306002,0.29806402,0.36981013,0.71626127,0.5079896,1335,855,727,654,751,700,984,933
1992,9,8.428336,7.8616776,8.690124,8.8414755,8.764179,8.88438,8.36397,8.297296,0.45735666,0.34004998,0.41580984,0.4868761,0.48597264,0.6356838,0.5621978,0.62363786,1333,856,727,654,751,700,982,936
1992,10,9.154402,9.36355,8.861477,9.187526,9.521176,9.654831,9.636421,9.4073925,0.6620275,0.4956213,0.4992995,0.37721574,0.27900976,0.30267763,0.76698524,0.75500023,1335,856,727,654,751,700,984,936
1992,11,10.019757,11.066257,12.866512,12.522473,12.303739,11.336206,9.60519,10.435661,1.2821395,0.9953701,0.32111126,0.32049844,0.2188824,0.80556935,0.53481823,0.6460466,1330,855,727,654,751,700,982,935
1992,12,10.383952,10.434578,10.995121,11.496474,11.028723,10.676631,10.38609,10.090327,2.0051212,1.0022599,0.49324912,0.77139276,0.749549,0.6271838,0.9002866,1.0176365,862,857,728,655,752,702,985,936
1993,1,9.817772,11.037877,10.360425,10.317685,10.96693,10.644595,9.434587,8.579732,1.2843434,0.637033,0.37362757,0.34433582,0.6565121,0.68518627,0.5646903,0.7231532,941,851,727,654,751,700,984,939
1993,2,9.262296,8.895731,9.747191,10.161655,9.523919,9.826724,9.502515,8.493908,2.7230325,1.0933036,0.41091517,0.29642442,0.41151395,0.49417907,0.7275897,0.43489975,470,848,727,654,751,700,983,935
1993,3,8.6660385,7.5919666,9.108853,8.93949,8.235716,8.516642,8.881808,9.1693735,1.5657213,0.56259894,0.65447354,0.82191956,0.8925329,0.3838205,0.4722401,0.55966884,413,856,727,654,751,700,986,937
1993,4,6.82699,6.7683043,9.147099,9.066122,8.518139,8.462798,8.209997,7.7072053,1.7046446,0.97179866,0.45973378,0.5695443,0.6000976,0.66998774,0.5989576,0.6415618,826,857,728,655,752,701,986,935
1993,5,6.4012623,6.7074485,7.3727326,7.470675,7.277222,7.1054025,6.2225585,5.5298524,1.1796927,1.0111111,0.68539214,0.7057479,0.6871773,0.747811,0.6826458,0.7518997,1256,860,732,659,756,706,991,941
1993,6,5.1461663,5.604068,6.545677,6.4091296,6.1167855,6.482702,6.1147213,5.3552537,0.603288,0.4403854,0.32016602,0.3458466,0.46753356,0.52272165,0.53097206,0.44727802,1336,857,728,655,752,701,984,936
1993,7,5.2418394,5.866578,6.1251707,6.2371345,6.754425,7.1580024,6.455488,5.8319187,0.44828588,0.6155412,0.3769649,0.28011456,0.35212633,0.62401295,0.8695415,0.72663385,1334,856,727,654,751,700,983,937
1993,8,6.498005,7.048325,6.144674,6.655541,6.944083,7.3032737,7.734384,6.980035,0.79302317,0.38081968,0.32802525,0.21226281,0.33177325,0.2776448,0.6774761,0.6238465,1330,856,727,654,751,700,985,934
1993,9,9.056096,8.644162,7.8336573,7.7808,7.6334367,8.202722,8.565834,7.3840585,0.6212467,0.5785112,0.3407542,0.21626379,0.38496166,0.40476507,0.49441645,0.6957744,1332,855,727,654,751,700,986,933
1993,10,8.60171,8.7774315,10.554357,9.951955,9.800208,9.273137,8.6662655,8.044207,0.5958608,0.53020895,0.2578489,0.39533785,0.35276675,0.66743624,0.73976016,0.61969745,1338,856,727,654,751,700,984,935
1993,11,10.194547,10.730181,11.296678,11.396957,11.271475,10.7975,10.549188,10.070278,0.53773236,0.4024548,0.3057354,0.2421512,0.44098014,0.30107626,0.5765198,0.75999856,1337,855,727,654,751,701,983,933
1993,12,10.925262,10.103695,12.128549,10.714584,10.88245,11.497567,10.550362,10.348644,1.3304836,0.25973552,0.57370406,0.49303967,0.90191287,0.57255834,0.6493198,0.9257079,1312,855,727,654,751,700,984,936
1994,1,9.124354,9.4807825,10.902962,9.875513,9.617944,8.70471,8.71164,8.318116,1.4686787,0.87406933,0.4441555,0.40040433,0.25256342,0.444175,0.5075712,0.4023946,710,855,727,654,751,701,984,932
1994,2,9.487492,10.28819,11.835602,11.289308,11.181084,10.4460745,9.928841,8.532262,1.8808726,0.98327744,0.46772853,0.41485944,0.58170205,0.5957216,0.78225225,0.76363945,764,856,727,654,751,701,982,934
1994,3,11.812109,9.872031,10.055043,11.010066,11.467959,10.893932,11.034095,9.376641,2.4324036,1.9125546,0.4160744,0.33802533,0.25512403,0.4018021,0.69799256,0.48927382,256,819,727,654,751,700,983,932
1994,4,6.8037148,8.169995,8.202215,8.5005,8.873469,8.885006,8.206026,7.457127,2.4414406,1.2742758,0.5523997,0.55277723,0.5391103,0.6382688,0.64292693,0.79615915,325,838,729,656,753,702,986,938
1994,5,6.126346,6.4644275,8.080427,8.3227825,8.513518,8.75323,7.7268243,7.8878484,2.5925326,1.1913916,0.5085268,0.5544598,0.531198,0.7676646,0.644191,0.61058104,1009,856,728,655,752,701,984,935
1994,6,5.0623713,5.430218,6.4286895,6.675532,6.630689,6.225769,5.64591,5.625688,0.54497236,0.603326,0.3184769,0.22031242,0.26210535,0.3746112,0.5319436,0.42897746,1336,855,727,654,751,702,981,936
1994,7,5.1190677,5.2639318,6.307629,6.0306163,5.8637476,6.062682,5.9684954,5.297497,0.6164024,0.42585683,0.33010873,0.3326697,0.29618847,0.4676256,0.53786546,0.70514387,1336,856,727,654,751,699,981,934
1994,8,7.7014327,6.612974,6.457143,6.340059,5.7557554,5.5993805,6.051576,5.2569246,0.53786284,0.86544,0.57762456,0.71797717,0.6581999,0.40810594,0.42010194,0.41858497,1330,856,727,654,751,700,983,934
1994,9,7.900381,8.342242,7.6758327,7.789606,8.43878,9.50009,8.680033,8.115248,0.617713,0.5704885,0.20484965,0.42855036,0.38470706,0.65368706,1.1163441,0.58851695,1334,856,727,654,751,700,984,933
1994,10,8.470327,9.510268,9.637678,9.990825,10.04667,10.344624,10.642116,10.196615,0.80322385,0.3326203,0.34455952,0.2760694,0.28747225,0.41988656,0.8068509,0.62037224,1338,855,727,654,751,700,984,934
1994,11,11.156117,12.510295,11.608375,11.380174,11.505187,11.769685,13.408693,11.054851,1.0141604,0.5253667,0.27135107,0.3754201,0.43025333,0.5894569,1.2412467,0.9639889,1336,856,727,654,751,700,984,934
1994,12,9.89951,11.4110565,10.831251,11.7578,12.117044,11.89608,10.495091,9.852464,1.865556,0.62864274,0.872096,0.7446308,0.2354317,0.4485823,0.703227,0.69721663,1038,856,727,654,751,700,984,934
1995,1,8.733527,9.026671,11.414734,11.683863,11.156486,10.273428,9.034031,8.726625,1.9548732,1.1290021,0.7426175,0.6146246,0.51621956,0.7244123,0.6418741,0.72529846,582,855,727,654,751,701,983,936
1995,2,8.907869,9.611676,9.34274,9.750493,10.440208,10.144521,8.69498,8.897558,2.205269,1.7940878,0.33887088,0.3154896,0.53853565,0.4378026,0.63013864,0.67679965,141,841,727,654,751,700,984,934
1995,3,6.785047,8.641601,9.547927,9.7918,9.909001,9.635506,9.368133,8.645421,2.2510223,1.4151655,0.40794843,0.4697251,0.25400156,0.42062017,0.7199192,0.7046222,183,835,727,654,751,700,984,938
1995,4,9.732685,7.9881625,10.056308,9.729311,9.528881,9.18673,8.177398,8.57577,4.275995,1.5878841,0.50639504,0.5759757,0.6284722,0.69520056,0.60023123,0.60829645,462,855,727,654,751,701,981,932
1995,5,5.5843873,5.7319803,8.218574,7.9721894,7.227565,7.5390577,7.412411,6.154103,1.3066899,0.72061086,0.7908754,0.9250525,0.90815824,0.7176294,0.7632144,0.7992915,1339,860,732,659,756,705,990,940
1995,6,4.734479,5.1159782,6.001929,6.1099877,5.9932127,6.804909,6.516661,6.4890995,0.42250657,0.35681036,0.3952795,0.44208845,0.45837474,0.45878673,0.6131295,0.5003164,1334,856,727,654,751,702,983,938
1995,7,4.747812,5.3022203,5.214936,5.1571164,5.601833,6.280544,5.870001,5.405172,0.49392524,0.49868435,0.7423898,0.5023316,0.15709205,0.43424305,0.60382915,0.43619707,1337,856,727,654,751,701,984,939
1995,8,5.6399364,5.814422,5.5069556,6.0882096,5.732497,6.4203057,6.4157844,5.123981,0.8330521,0.39244115,0.43498403,0.20140882,0.3353403,0.54684615,0.904029,0.59397525,1332,856,727,654,751,701,983,937
1995,9,7.5653143,7.2497582,8.677745,9.114717,8.800975,8.800945,7.9988565,6.8352895,0.479183,0.527878,0.38231567,0.24516512,0.48149177,0.5017089,0.59808666,0.6768225,1336,856,727,654,751,700,984,938
1995,10,8.825579,9.714425,9.711072,9.764628,9.742274,10.3936405,10.568492,9.458197,0.8347876,0.4495918,0.3446624,0.158257,0.23296747,0.39120096,0.6939209,0.7621747,1336,856,727,654,751,700,985,938
1995,11,7.658584,8.752643,9.435523,9.006517,9.398008,9.158637,9.142576,9.7412405,0.77017987,0.5726188,0.5185735,0.75733286,0.39782017,0.32883686,0.54158676,1.0717,1336,856,727,654,751,700,983,936
1995,12,10.419624,9.155926,9.274684,9.143992,9.258776,9.53557,10.654808,10.466565,2.0190096,0.3980445,0.23210932,0.28609544,0.58940905,0.43591484,0.90695333,0.52914816,1302,856,727,654,751,701,984,937
1996,1,8.710207,9.499694,11.69513,10.942088,10.419249,10.175376,7.9900084,7.152926,1.740523,0.8181571,0.8281684,1.019482,0.8058659,0.8169267,1.0380561,1.0522916,833,859,730,657,754,704,987,939
1996,2,11.402327,11.652209,11.962942,12.13305,12.007051,11.307313,10.565335,8.780502,1.8276848,1.1032346,0.25223163,0.47195166,0.5934161,0.3324719,1.0584128,0.48511803,592,851,727,654,751,700,983,935
1996,3,8.385745,7.785785,11.119682,10.104952,9.353318,8.042753,6.245752,7.3744464,3.2301533,1.5910931,0.397852,0.34019244,0.22815283,0.8737246,0.56924,0.7909312,808,855,727,654,751,701,986,937
1996,4,8.123849,8.454543,9.540229,9.365596,8.933632,9.379974,8.484832,8.397414,2.3729172,0.56844723,0.239911,0.295675,0.57719755,0.38163164,0.62778926,0.72288144,867,855,727,654,751,701,983,937
1996,5,5.4983892,6.152407,7.029618,7.1073008,8.081148,7.0261154,6.2793455,5.164792,0.77811706,0.8179692,0.16152665,0.2768608,0.53983086,0.91981906,0.8842177,0.82650733,1337,855,727,654,751,700,984,937
1996,6,6.2267556,6.9278274,6.8733597,6.0629454,6.167821,7.759058,6.628863,6.4483385,0.5077678,0.40354836,0.4060748,0.31939337,0.35091963,0.51499736,0.68471366,0.9925603,1336,851,727,654,751,701,983,940
1996,7,5.3322015,5.828429,6.2597833,6.5037584,6.3979163,6.333193,6.260894,5.242113,0.52134466,0.533637,0.34689954,0.34483492,0.3335276,0.3428083,0.48380262,0.62624544,1338,857,728,655,752,702,984,938
1996,8,6.8671074,6.828421,6.2842455,6.0571265,6.2722425,6.564324,6.194191,6.510931,0.5204596,0.49672312,0.6771625,0.7249747,0.63197774,0.34932002,0.46458006,0.43586323,1339,856,727,654,751,700,983,937
1996,9,8.859205,8.354528,7.5827074,7.562293,7.6599383,8.726991,8.479625,7.4290776,0.4044831,0.32020018,0.69524956,0.72091496,0.38015577,0.4704107,0.60642684,0.59953505,1337,856,727,654,751,701,983,937
1996,10,8.358133,9.335692,9.329957,9.440776,9.651222,9.626043,9.582118,9.454277,0.5963102,0.4076226,0.377464,0.5795642,0.44789943,0.26736218,0.5962546,0.5315459,1335,855,727,654,751,700,986,937
1996,11,10.499171,9.870547,11.40455,10.144334,9.322165,9.532328,9.563595,8.9891615,0.6218959,0.74181384,0.37019897,0.6827551,0.4076089,0.4324124,0.9069784,1.1714698,1337,856,727,654,751,700,984,939
1996,12,11.543066,10.895391,11.109601,10.735574,10.62318,12.380561,11.448159,10.123645,2.589807,0.5231552,0.2887545,0.30889618,0.43827257,0.45226315,1.1889284,0.7506281,1156,856,727,654,751,701,984,937
1997,1,10.267943,9.775968,11.718647,11.940155,10.816742,9.755904,10.133634,9.810368,2.1117845,1.5550727,0.6311487,0.7014283,0.8336787,0.32985085,0.8066674,0.6738558,738,856,727,654,751,700,983,939
1997,2,10.39713,8.828975,10.119412,10.552579,10.512177,9.895569,9.1922865,9.363607,1.1768221,1.5459867,0.27439645,0.32209927,0.38908473,0.7743063,0.6724711,0.5054962,283,816,727,654,751,700,984,937
1997,3,8.056789,8.339726,10.57224,10.410614,10.567735,10.526605,8.971826,8.331183,1.9548899,1.141186,0.6672487,0.64998204,0.76970613,0.72703797,1.1143345,1.0151507,225,780,728,655,752,702,984,936
1997,4,6.560185,6.6489778,9.656889,9.491382,8.935088,8.313667,7.906554,7.40875,2.8214843,1.0939344,0.45773304,0.6696666,0.7699755,0.79182,0.6058912,0.70753956,575,857,728,655,752,701,985,939
1997,5,6.47061,6.560192,9.585402,9.072299,8.706029,7.356012,6.193819,5.893834,1.4312184,1.6531056,0.3218707,0.3390068,0.2385266,0.7470284,0.43859106,0.51935565,1335,856,727,654,751,702,984,939
1997,6,3.9381359,4.620138,6.4130797,6.3786225,5.5862546,5.8892694,5.325873,5.1863003,0.58336407,0.5232734,0.40359104,0.37152955,0.40407652,0.24695417,0.603562,0.45088044,1336,856,727,654,751,701,986,940
1997,7,4.5748053,4.8121686,5.5708127,5.8206024,5.8338842,5.756571,5.4521117,5.3854394,0.44150597,0.45236504,0.2699656,0.4317904,0.3240449,0.4448031,0.68301165,0.5509675,1337,856,727,654,751,701,985,938
1997,8,6.1883993,6.372604,5.7130075,5.5764375,5.813902,6.836417,6.5692167,5.6364174,0.47735652,0.40958056,0.21149305,0.283718,0.29121774,0.42293903,0.83653843,0.58604467,1339,856,727,654,751,702,985,937
1997,9,7.52445,8.234417,7.9798145,8.079176,8.607247,9.467221,8.595761,7.203068,0.64521223,0.36121118,0.38843453,0.5038548,0.3812853,0.533449,0.7253091,0.4816494,1337,855,727,654,751,701,985,939
1997,10,8.108456,8.878975,8.352463,8.525103,8.844425,8.469106,8.621258,9.2452755,0.5695732,0.27453217,0.37965238,0.5438498,0.50300986,0.5588522,0.6223443,0.78420776,1333,856,727,654,751,701,982,939
1997,11,11.202409,11.516636,13.346963,13.278783,12.895182,11.614958,9.788125,9.009832,0.94306165,1.337817,0.39192203,0.6874204,0.40827048,0.64241165,0.74633265,0.37621003,1338,856,727,654,751,700,985,938
1997,12,10.95492,10.322412,10.797263,10.660127,10.9557905,11.380214,11.036588,11.524734,2.5703802,0.45017222,0.40588677,0.3596608,0.5436822,0.34075943,0.63859624,0.5278621,1115,856,727,654,751,700,983,937
1998,1,11.70909,8.97412,11.044464,11.207604,10.120677,7.918275,8.936407,9.11008,1.5778679,1.7309839,0.36388034,0.460779,0.68538254,0.50975466,0.62852246,0.9413058,477,823,727,654,751,700,983,940
1998,2,9.708534,7.241341,10.455536,10.799878,10.268241,8.76367,8.96225,10.3322735,2.218493,1.3909979,0.4058042,0.678215,1.1297035,0.74024886,0.5841032,0.99998915,132,708,727,654,751,701,983,937
1998,3,9.089376,9.159888,9.542091,10.553661,9.991197,10.025976,10.103396,7.8459883,2.2150424,0.71451885,0.813932,0.37385678,0.3845743,0.40289837,0.714919,1.0108256,459,855,727,654,751,702,986,939
1998,4,9.104842,10.386593,10.251114,11.02403,11.720081,11.437792,9.751142,8.622241,1.7224131,1.001883,0.61660343,0.5505862,0.30987132,0.33613205,0.68229955,0.59414476,737,856,727,654,751,702,984,940
1998,5,6.0516057,8.041883,8.97024,9.347179,9.621051,9.389264,8.303423,6.8758793,1.3504118,0.9956203,0.6240367,0.59593266,0.5533251,0.6318072,0.6458342,0.5099482,1241,857,729,656,753,702,986,939
1998,6,5.0955634,5.627217,6.4228725,6.259833,6.1990933,6.9844995,7.3914924,5.8958483,0.5258351,0.56094396,0.35305262,0.3255992,0.5703025,0.2603177,0.7066383,0.7937704,1337,855,727,654,751,701,984,938
1998,7,4.0553327,4.9183903,6.153725,5.783866,5.783838,6.3036594,5.666708,5.710241,0.47156748,0.33451915,0.29246786,0.5497724,0.52397305,0.2806008,0.61052954,0.49595127,1334,856,727,654,751,700,984,937
1998,8,8.087736,7.7660584,6.555906,6.621146,7.235912,7.740838,7.705318,7.1703644,0.54856795,0.25282145,0.20019671,0.3729515,0.34124753,0.27909362,0.55428374,0.47288498,1334,855,727,654,751,701,985,938
1998,9,7.614134,9.0129,7.9566727,8.271323,8.426145,9.251833,8.821679,7.7207994,0.819583,0.43343383,0.41005123,0.4890202,0.42814803,0.34944177,0.720664,0.55753005,1331,856,727,654,751,702,984,937
1998,10,8.731372,9.062882,9.63861,9.6195545,9.721818,9.956485,9.54029,9.111606,0.5885609,0.3796368,0.37809432,0.36491558,0.30452728,0.3031981,0.78721666,0.8562628,1336,856,727,654,751,702,983,937
1998,11,10.451368,10.497087,12.623157,12.265355,11.948664,11.3886385,9.851814,8.536229,0.8547752,0.70636797,0.47856858,0.515703,0.71204823,0.56263477,1.0724684,0.7276504,1333,856,727,654,751,702,983,937
1998,12,10.239401,10.726457,10.932088,10.596681,11.002336,12.396748,11.287877,9.982519,1.6343596,0.5607866,0.26098484,0.8161415,0.8936533,0.36331338,1.1181111,0.72965115,1298,856,727,654,751,700,984,938
1999,1,11.62616,10.815815,10.175976,10.767733,11.374913,11.073809,10.820147,9.460816,2.0531816,0.6340364,0.44894502,0.40058777,0.44963387,0.6188456,0.89698035,0.56456816,689,856,727,654,751,702,986,936
1999,2,10.650375,10.722248,11.146918,11.724605,11.596888,10.922614,10.631908,10.208052,1.7751986,1.3092722,0.6288949,0.8067743,0.33998537,0.4938419,0.7840536,0.5901198,355,812,727,654,751,701,983,937
1999,3,10.862205,9.958595,12.414136,13.030299,12.370041,11.0385,8.748308,8.653947,1.6345555,1.5204439,0.4111497,0.69053996,0.6198589,0.84922206,0.65780693,0.41858214,317,706,727,654,751,700,983,937
1999,4,9.548822,8.515068,9.748754,10.069018,9.609129,9.230981,9.987575,8.885225,1.82831,0.91641766,0.41224685,0.4948478,0.31001458,0.34101543,0.44375896,0.57979935,208,775,727,654,751,700,982,936
1999,5,5.872659,6.0526977,7.4112678,7.2139606,7.178923,7.633547,7.424354,7.591678,2.8553255,1.375673,1.6030849,1.5660186,1.3618927,1.5064156,1.339052,1.5483798,935,882,753,680,777,726,1010,960
1999,6,4.7136536,5.6825624,6.312156,6.476403,6.6151433,6.995443,6.846426,5.7967978,0.7216258,0.9777931,0.6515616,0.6242917,0.50480616,0.37580425,0.6965516,1.042014,1337,856,727,654,751,700,983,939
1999,7,5.576736,5.989907,6.0947123,6.6475296,6.6584644,6.9903545,6.641052,5.6237063,0.71239257,0.826448,0.3615579,0.35184067,0.31224525,0.4958069,0.77326715,0.5540195,1408,876,727,654,751,712,1041,997
1999,8,6.5773044,6.2662315,7.026191,7.0206647,7.0077767,7.216872,6.488934,6.3635445,0.44241863,0.59653485,0.21408848,0.3051387,0.27921602,0.51690614,0.5876767,0.42424268,1408,876,727,654,751,712,1043,998
1999,9,7.7408366,7.1517906,7.2577896,7.6549754,7.6833296,7.965465,8.881911,9.148046,0.6056785,0.47384077,0.3294889,0.30254763,0.3462014,0.41762197,0.5716333,0.4633561,1408,876,727,654,751,712,1041,996
1999,10,8.531243,9.399182,9.1688595,9.166468,9.611875,10.321643,9.831928,10.075712,0.6034446,0.46735585,0.29119685,0.32186836,0.2953834,0.34293082,0.42068243,0.4173329,1405,876,727,654,751,712,1041,996
1999,11,10.428726,10.919616,12.66013,12.229096,12.126227,12.238459,10.597805,10.60398,0.6304107,0.7603772,0.44649985,0.32297733,0.29967332,0.45696092,0.77853537,0.9304758,1330,856,727,654,751,710,1000,998
1999,12,10.816288,10.425378,10.603088,10.34171,10.881375,11.351718,11.182304,10.384157,0.8763987,0.5475201,0.29242432,0.43016115,0.6763944,0.5070507,0.91909707,1.0401032,956,856,727,654,751,702,1001,998
2000,1,10.612793,10.780979,11.795169,12.184119,11.584196,11.037749,11.42638,9.577494,1.2087517,1.313161,0.64538485,0.47953412,0.34694725,0.48552945,0.82406455,0.6438074,394,815,727,654,751,700,998,996
2000,2,11.032946,10.380753,10.465153,11.391058,12.302077,12.192531,8.581156,7.0078473,2.0148282,1.7700424,0.40458748,0.4228171,0.28452462,0.66656786,0.9112659,0.54395247,725,856,727,654,751,701,997,998
2000,3,9.808922,8.768671,10.476371,10.389099,10.48631,11.115458,10.373646,9.351708,1.106651,0.69057757,0.37165642,0.6698765,0.80455625,0.61349636,0.7305976,0.6011349,854,856,727,654,751,700,995,996
2000,4,9.19191,7.625211,9.42127,9.081569,9.079825,8.319587,8.066605,7.730406,1.9321096,1.1467316,0.31732067,0.365224,0.46153477,0.58300364,0.41008863,0.37548724,816,855,727,654,751,702,999,995
2000,5,6.3787107,5.321785,7.3727794,7.4730783,7.125533,6.1311255,6.2552857,5.9210515,1.5506184,0.52898014,0.42607233,0.7219098,0.6707679,0.384601,0.45843086,0.84213114,1319,855,727,654,751,706,999,996
2000,6,5.2501955,5.955328,7.241834,7.501354,7.2252207,7.0472603,6.9379783,5.54625,0.5024253,0.6215242,0.26825026,0.23691487,0.46127254,0.42979935,0.90363127,0.36768374,1365,876,727,654,751,712,1041,996
2000,7,4.8026104,5.1714945,5.0853477,5.3336983,5.460513,6.305121,5.8551536,5.112516,0.65817755,0.27786744,0.5371431,0.7944219,0.6238646,0.33938017,0.5001076,0.5203546,1408,876,727,654,751,712,1041,996
2000,8,7.3778186,6.6474266,6.157639,6.6049385,6.2952185,6.017232,6.8588467,6.5756836,0.46633592,0.84667575,0.2867123,0.37053758,0.43351215,0.36299488,0.7917959,0.7540253,1406,876,727,654,751,712,1041,996
2000,9,7.5736265,7.9649563,8.398389,7.9332747,8.035584,8.462776,8.110252,7.408958,0.59395826,0.39195374,0.24833028,0.58932275,0.3416514,0.37490216,0.4828229,0.41477117,1406,876,727,654,751,712,1041,999
2000,10,8.814592,9.672286,9.9763565,9.825934,9.86986,10.412996,9.90986,9.706924,0.5134095,0.5510074,0.21916786,0.24534021,0.24519728,0.4266032,0.90182626,0.5076277,1405,876,727,654,751,712,1041,996
2000,11,11.804593,11.240198,13.626617,13.428445,12.994244,11.908008,10.123262,9.337707,0.78199834,0.5048487,1.0397514,1.0348576,0.8674685,0.6228351,0.5777891,0.5860657,1338,856,727,654,751,710,999,996
2000,12,11.957199,10.024752,9.86047,10.311817,9.963805,10.951684,11.7117605,10.169867,1.0772756,1.1647953,0.6205727,1.293178,1.2385858,0.8584911,0.86393654,0.46353456,1339,856,727,654,751,702,1001,998
2001,1,12.062047,10.987209,10.356797,10.549953,11.257282,11.615239,11.409631,11.812063,1.9596783,0.8397424,0.8836198,0.79452,0.47385374,0.522341,0.39461875,0.4777634,1275,856,727,654,751,701,999,996
2001,2,11.69133,11.164482,11.667774,11.666272,11.828787,10.829308,9.862709,8.237026,1.491538,1.434634,1.1934961,1.1591451,1.0993372,1.1977148,1.0661398,0.84713656,1317,862,733,660,757,707,1003,1002
2001,3,10.3921385,9.239146,8.988346,9.287099,8.996465,10.166466,10.261379,10.133959,1.0402879,0.38484293,0.47467664,0.5653887,0.3210345,0.6617088,0.6125195,0.45620334,1067,856,727,654,751,702,996,996
2001,4,9.814054,9.152941,9.321663,9.675905,9.312324,9.131347,8.880286,7.7812676,1.9249709,0.5733833,0.33841145,0.29996738,0.3772234,0.25836325,0.64435565,0.27483937,970,856,727,654,751,700,999,996
2001,5,6.599561,6.5351667,5.909776,6.785668,7.471386,7.1790986,7.2568784,7.8379574,0.9739707,0.36820102,0.3973882,0.4921337,0.3834388,0.32389048,0.5070605,0.7854991,1263,855,727,654,751,707,999,998
2001,6,5.5871754,5.180389,7.7897453,7.543714,6.574521,5.633456,5.6935368,5.1835265,0.78497934,1.1263673,0.22139402,0.36247772,0.5436202,0.4242564,0.6757941,0.48463225,1361,876,727,654,751,712,1041,996
2001,7,5.1732364,5.2249985,6.2516026,6.1327543,5.938351,6.662098,6.185989,5.719357,0.38956302,0.31248027,0.3421303,0.43503723,0.3712965,0.41407093,0.716997,0.4289638,1408,876,727,654,751,712,1043,998
2001,8,6.7384486,5.9105525,6.3063893,6.3710775,6.712835,6.828367,6.70737,5.74568,0.52245677,0.19112504,0.20016055,0.2893383,0.411125,0.26370016,0.6543944,0.56312394,1406,876,727,654,751,712,1041,996
2001,9,7.847591,8.233547,8.59453,8.516599,9.044009,9.712955,8.456342,8.415197,0.9457436,0.75730664,0.37098426,0.44057864,0.2818155,0.5908571,0.78726244,0.6300523,1405,876,727,654,751,712,1042,998
2001,10,9.654091,10.099707,9.875655,9.760706,10.264585,10.796679,10.865039,9.961493,0.47573966,0.22052056,0.60005707,0.34765968,0.23300858,0.2659285,0.71600205,0.6089499,1405,876,727,654,751,712,1041,999
2001,11,10.696544,10.980377,12.781552,12.328405,11.379161,11.272605,9.349848,8.939132,0.69389814,0.33964598,0.6243907,0.79985523,1.0228148,0.26754585,1.1944926,0.9940725,1328,856,727,654,751,710,1001,998
2001,12,10.764575,11.800712,11.02842,11.663682,11.691578,11.010717,11.146091,10.79084,0.99485826,0.837223,0.6551136,0.58417666,0.48965734,0.35351214,0.70019203,0.4568825,1110,855,727,654,751,700,999,996
2002,1,12.719183,11.060251,10.165732,10.568824,11.039827,11.153282,11.291319,10.063579,2.7072785,0.74094844,0.32504967,0.34875506,0.17316021,0.28480732,0.61034566,0.47700462,525,855,727,654,751,701,998,996
2002,2,10.308735,9.537341,11.268365,11.186675,10.750812,11.066651,11.3555975,9.850395,2.2887795,0.6692746,0.6436088,0.2578863,0.44507435,0.3454318,0.5377067,0.71107894,304,855,727,654,751,700,997,999
2002,3,8.072689,9.291295,11.00244,10.338666,10.525848,9.793325,8.65144,8.140969,1.1077101,0.9279045,0.38525483,0.35551524,0.51759315,0.5466844,0.48130155,0.7995291,918,856,727,654,751,701,995,996
2002,4,8.056206,8.414757,8.070943,7.9902673,8.654978,8.758674,7.9368234,6.69914,1.1945691,0.7103596,0.32099968,0.38793072,0.2648761,0.29743916,0.6103281,0.7804579,980,856,727,654,751,701,1000,998
2002,5,6.479345,7.1738367,8.570282,8.331571,7.7675543,7.04845,5.958911,6.250939,0.97867036,0.6294587,0.5623261,0.34518248,0.31046563,0.31569135,0.53635097,1.0002369,1340,856,727,654,751,706,998,996
2002,6,4.756685,5.3527274,6.4216766,6.4252563,6.525228,6.4252524,5.9965177,5.9904814,0.5972227,0.71979463,0.2127437,0.32052395,0.2911355,0.4004468,0.42210793,0.32403493,1366,876,727,654,751,712,1041,996
2002,7,5.5131598,5.284812,5.7290826,5.5712748,5.607181,5.7086353,5.8226504,5.242581,0.4326312,0.42915925,0.36530337,0.34045354,0.35351384,0.40345898,0.59869033,0.36904564,1405,876,727,654,751,712,1041,996
2002,8,6.1106157,5.653851,5.7300277,6.688199,6.963858,6.854749,6.5606527,6.3346095,0.4158296,0.36884338,0.49182782,0.5787555,0.68780017,0.40028703,0.5672239,0.5042097,1406,876,727,654,751,712,1041,996
2002,9,7.8866153,8.738178,7.956674,8.011154,8.635682,9.060379,8.758791,6.967899,0.8172891,0.39558864,0.51947635,0.6213955,0.43977934,0.25549814,0.8349053,0.5901519,1409,876,727,654,751,712,1041,996
2002,10,9.521877,9.568615,9.23513,9.184975,9.587389,9.64287,9.340076,8.973617,0.6477247,0.30869636,0.30571628,0.35291696,0.36634412,0.28605592,0.30801797,0.75922287,1409,876,727,654,751,712,1041,996
2002,11,10.118033,9.05212,10.324654,10.676567,10.359065,9.988878,9.552908,10.029981,1.3607006,0.38202974,0.34065163,0.42147508,0.6608695,0.37954524,0.30271178,0.56653297,1342,867,727,654,751,710,999,996
2002,12,9.31209,8.083399,12.043423,11.583268,10.060765,9.115823,8.797082,9.351978,1.0012592,0.3897983,1.2191458,1.2787064,1.347471,0.64844835,0.72694564,0.86230314,1337,867,727,654,751,700,1000,998
2003,1,11.155154,10.353037,9.5166025,8.731127,8.812048,9.901639,10.600233,9.987283,1.6250584,0.35302335,0.480752,0.36605635,0.5708074,0.4772947,0.44175544,0.63817453,1042,867,727,654,751,700,999,996
2003,2,11.104197,9.184983,10.921828,10.540744,9.806721,9.349478,8.64139,7.1847787,2.2781422,1.0803955,0.29486433,0.44285423,0.4835967,0.6745371,0.6142683,0.42653564,732,867,727,654,751,701,997,996
2003,3,9.635902,9.578144,9.27891,8.769839,8.61782,10.17946,10.004579,9.702302,1.6497092,0.8317727,0.27294523,0.26579356,0.38202405,0.81141514,0.71606135,0.6610958,751,864,727,654,751,700,996,996
2003,4,7.2472663,8.720786,11.281769,11.051553,10.554903,10.165578,8.429568,7.438652,1.419222,1.2184795,0.71882343,0.6128425,0.5095639,0.48051515,0.7755831,0.4939208,1135,867,727,654,751,701,998,999
2003,5,5.215628,6.742734,8.162135,7.732395,7.87796,8.595049,7.8384695,6.2471623,0.75797546,0.6090729,0.5225424,0.50086087,0.67505693,0.3989268,1.1015289,0.8212884,1343,868,728,655,752,708,1002,999
2003,6,5.0267353,5.9838796,6.3721323,6.6022434,6.8888617,7.6961765,6.4876385,5.9249206,0.46954045,0.5975913,0.34216788,0.37286803,0.35029677,0.55277437,0.55789495,0.5915407,1366,875,727,654,751,712,1041,996
2003,7,5.7822237,6.010053,5.592798,5.553881,5.858644,6.5577497,6.146221,5.0490456,0.42790908,0.34366477,0.25664482,0.44668236,0.3178785,0.20549235,0.6740713,0.44778588,1406,876,727,654,751,712,1042,998
2003,8,6.0662117,6.725023,6.3208537,6.0930424,6.601615,7.467946,6.934586,6.553283,0.3132162,0.46960047,0.2794117,0.36229077,0.43325213,0.4122816,0.51176226,0.5385323,1405,876,727,654,751,712,1041,996
2003,9,6.76605,6.858441,7.5959773,7.3587427,7.395615,7.61517,8.146137,7.971069,0.28291896,0.39985502,0.3216283,0.44557375,0.48837757,0.35148743,0.50043577,0.6600466,1405,876,727,654,751,712,1043,998
2003,10,9.096215,10.135623,8.551494,9.001188,9.771643,10.407726,9.4284115,9.299257,0.8622419,0.71449274,0.29928046,0.25713015,0.31499934,0.2852471,0.34512237,0.5516018,1405,876,727,654,751,712,1041,996
2003,11,10.122112,11.227324,12.453128,12.343154,11.856263,11.264357,10.895713,9.43778,0.61478424,0.8639866,0.4508006,0.49300477,0.5971095,0.35187128,0.50485903,0.7665719,1338,867,727,654,751,710,998,996
2003,12,11.339908,11.093066,12.957626,12.940991,12.737941,12.013735,11.055626,10.879989,1.4250972,0.71692234,0.9481083,0.8687432,0.56577665,0.56204474,0.5500337,0.9060328,1331,867,727,654,751,700,998,996
2004,1,11.230358,10.400652,9.79052,10.259911,10.75944,10.653986,9.90405,9.397656,1.7060122,1.0268601,0.63456947,0.4200869,0.35582086,0.7014505,0.658663,0.78560364,1127,860,727,654,751,700,1001,998
2004,2,12.107745,10.101744,12.23378,11.636421,10.607623,9.697769,9.54122,9.55838,2.5786855,1.0771734,0.23455,0.3475709,0.41688666,0.25478354,0.42679515,0.6460093,661,867,727,654,751,700,994,996
2004,3,8.920955,8.727398,10.104608,9.926069,9.363033,10.314492,10.806093,9.42858,1.0446064,0.48469573,0.6241216,0.6977667,0.44864458,0.42452994,0.7311713,0.9268926,658,867,727,654,751,700,995,996
2004,4,8.314778,8.224639,10.720626,10.653016,10.317729,9.45669,9.035177,7.9745946,1.5757426,1.054336,0.3431945,0.28828755,0.44047472,0.4193632,0.27159348,0.57600653,1080,860,727,654,751,700,998,996
2004,5,5.6808887,6.7592955,8.6409855,8.752369,8.367957,7.550949,6.316991,5.4221683,0.8143456,1.382765,0.91530114,0.95083284,0.8483893,0.9562206,0.7543333,0.78937304,1349,867,734,661,758,713,1006,1003
2004,6,4.7720804,5.49257,5.666491,5.988723,6.2280436,6.939461,6.408423,5.808441,0.41106734,0.37884924,0.24966729,0.3185493,0.5616978,0.33866602,0.3811116,0.44303232,1366,876,727,654,751,712,1040,996
2004,7,4.630027,4.9968405,5.906326,5.830424,5.7005296,5.7022777,5.6055665,5.0593357,0.50764334,0.3082734,0.48016015,0.49453956,0.23764256,0.23584773,0.45029852,0.42691264,1405,876,727,654,751,712,1041,996
2004,8,6.0983715,6.066902,6.275665,6.2539225,6.2832007,6.474863,6.14188,4.9204683,0.78359014,0.52388537,0.19419141,0.33082965,0.30116168,0.28653798,0.80949885,0.7366787,1408,876,727,654,751,712,1041,999
2004,9,7.811867,7.8655143,8.4125805,8.237041,8.136187,8.70002,8.310535,8.510015,0.47581166,0.35381618,0.28898233,0.40496075,0.58556587,0.36947843,0.46840867,0.60915166,1408,875,727,654,751,712,1042,998
2004,10,10.607727,11.134518,10.98278,11.077936,11.106595,10.661806,9.945188,9.074344,0.7032996,0.5989742,0.27515724,0.36783662,0.5112452,0.36448595,0.59855604,0.67959994,1405,876,727,654,751,712,1041,996
2004,11,10.725348,11.612572,11.577606,11.836799,12.168957,12.191822,11.665746,10.227141,0.52838016,0.8675312,0.32506892,0.29797786,0.26110032,0.32249635,0.5042995,0.3215517,1341,867,727,654,751,710,999,996
2004,12,12.263903,11.216618,12.121685,12.494114,12.54984,11.399396,11.433787,10.8000965,1.4530984,0.8583449,0.42954642,0.40154034,0.23122665,0.5733463,0.51651055,0.6622639,1336,867,727,654,751,701,998,996
2005,1,10.964047,9.048798,11.221519,10.506124,9.740673,8.906151,8.465636,8.6607485,1.5995575,0.894809,0.3766222,0.3623339,0.40256572,0.49055853,0.5520309,0.62352324,1170,867,727,654,751,701,998,996
2005,2,10.734668,9.510682,10.352053,10.150343,9.618443,10.487808,9.300365,8.91362,1.7667735,0.6005148,0.34337345,0.39821094,0.50507665,0.40228146,0.56310505,0.40547433,821,867,727,654,751,702,999,998
2005,3,10.338961,9.507543,9.885968,9.637664,9.298324,9.605782,9.343436,8.577341,1.8453459,0.42405495,0.3641475,0.2554543,0.38149154,0.52775407,0.8635741,0.5958556,818,867,727,654,751,700,997,996
2005,4,8.713545,9.093447,10.252598,10.1256695,9.898304,8.896891,7.532778,6.83739,1.4958844,1.1115997,0.31562713,0.25095326,0.26353753,0.52735823,0.7073178,0.6304464,960,867,727,654,751,700,998,996
2005,5,7.1567187,7.195807,7.7630415,8.210872,8.112316,7.421986,6.054133,5.448962,1.2667441,1.0204991,0.82841784,0.73322815,0.7557163,0.7487832,0.794132,0.57946604,1344,871,732,659,756,712,1004,1001
2005,6,4.6270366,5.7402186,6.742248,6.2785974,6.335143,6.825231,6.239734,5.8496556,0.64284354,0.6971988,0.28904262,0.20226133,0.32396188,0.390884,0.401762,0.49178874,1366,876,727,654,751,712,1043,1001
2005,7,5.5011554,5.3253064,5.6661444,5.7463813,5.7416997,6.1715198,6.122559,5.709228,0.45540234,0.3332031,0.42246288,0.43909726,0.31095138,0.3460403,0.65442395,0.55198747,1408,876,727,654,751,712,1041,996
2005,8,7.059622,7.3325467,5.764075,6.1931906,6.425386,7.372291,6.7604833,6.2636886,0.46860296,0.4830367,0.371164,0.30436394,0.3635155,0.7010143,0.6538368,0.43213192,1405,876,727,654,751,712,1041,996
2005,9,9.25581,10.14874,8.680867,9.213964,9.934849,10.220629,9.470556,8.057801,0.8395295,0.36560583,0.3627775,0.39282233,0.39010638,0.35363963,0.73677415,0.6201996,1406,876,727,654,751,712,1040,996
2005,10,9.086237,10.514952,10.532317,10.309839,10.934267,11.430543,9.909716,9.420808,1.026012,0.47314012,0.3659723,0.29236794,0.30367845,0.44460782,0.87737644,0.7344012,1405,876,727,654,751,712,1041,996
2005,11,12.076464,11.520795,9.687957,9.622372,9.933296,9.761867,11.262656,10.199901,1.1651577,0.6756133,0.35168475,0.45064437,0.54828763,0.5608358,0.8068182,0.7039064,1347,862,727,654,751,710,998,996
2005,12,12.287822,9.122672,12.129847,10.815625,9.646414,8.751699,9.741458,10.721598,2.3059492,1.2283617,1.0267057,0.9307195,0.51698834,0.28939804,0.87067485,0.5071289,1001,864,727,654,751,700,999,996
2006,1,10.721405,10.861114,12.451823,11.673301,11.37883,9.558385,9.188096,9.025194,1.0910529,0.9996909,0.48204014,0.6376127,0.4441095,0.5713034,0.6296526,0.7034538,568,863,727,654,751,700,999,996
2006,2,11.220087,10.66135,10.716026,10.592703,10.910775,10.826746,10.576955,9.980104,1.8182589,1.1609294,0.14456956,0.27612773,0.73575217,0.25685546,0.5156656,0.3947052,758,867,727,654,751,702,995,996
2006,3,10.559306,9.408416,11.320438,10.886658,10.346673,9.656963,9.3435955,8.284551,1.9844267,0.99093515,0.29943955,0.2808202,0.26238164,0.52162474,0.69649196,0.43567243,713,855,727,654,751,702,996,996
2006,4,10.879387,10.254436,9.463185,10.116939,10.531523,10.538285,9.0266695,7.8534126,1.5572771,1.0015461,0.4056799,0.2574287,0.374432,0.47843343,0.6657639,0.37347147,652,860,727,654,751,700,999,996
2006,5,6.416953,6.750483,8.340499,8.113276,7.3578224,7.219739,6.749084,6.5894985,1.4419852,0.5360761,0.194416,0.2649648,0.28360814,0.31672177,0.81422234,0.9202559,1252,860,727,654,751,708,999,996
2006,6,5.3991814,5.0170097,5.3958745,5.2733593,5.3081293,5.7464194,6.648437,6.189032,0.5912734,0.3927476,0.19218233,0.3766996,0.3487232,0.3400857,0.4577401,0.38650143,1367,876,727,654,751,712,1041,995
2006,7,5.485288,6.143341,6.514858,6.1972914,6.3321075,7.0932136,6.7639737,5.646763,0.5414114,0.4184936,0.28806004,0.34532723,0.26322109,0.49576533,0.51651824,0.4490921,1408,876,727,654,751,712,1041,995
2006,8,5.8829527,6.5793767,4.8255806,5.185656,6.103657,7.7458086,7.342976,6.8320956,0.4730941,0.35138035,0.25232345,0.30890617,0.39621252,0.4548271,0.7176611,0.6371484,1408,876,727,654,751,712,1041,995
2006,9,7.2615924,7.6020865,7.942202,8.264008,8.336092,8.882855,8.265707,8.002553,0.53469455,0.6368422,0.30512834,0.3523875,0.38381636,0.5282123,0.479114,0.7217233,1405,876,727,654,751,712,1042,996
2006,10,8.869011,9.792414,9.24917,9.694712,10.640749,10.820497,10.044865,8.700735,0.6269174,0.5569575,0.21343426,0.37677628,0.34655085,0.3836152,0.5482351,0.67343044,1355,872,727,654,751,702,1016,937
2006,11,9.291039,9.909208,8.019857,7.8503723,9.10534,10.3298025,10.56094,9.560424,1.0753367,1.1466327,0.67203563,0.29898244,0.4742789,0.58161265,1.0035393,0.83215255,1337,867,727,654,751,701,984,937
2006,12,11.678371,10.181922,11.703285,12.298725,11.84303,10.436845,11.00416,12.484959,1.3246405,0.88160366,0.5431924,0.7018215,1.0050452,0.8790456,1.0666394,0.73640835,1332,867,727,654,751,702,984,936
2007,1,10.625852,11.182911,9.810566,10.782682,11.441273,11.682724,11.236406,10.490715,1.6162243,0.9976247,0.42920026,0.2659018,0.44272518,0.3462604,0.47036305,0.47409838,705,860,727,654,751,701,982,937
2007,2,9.918664,9.113003,10.458009,10.134756,10.090043,9.988312,8.873506,7.954846,1.771104,0.81986135,0.49187213,0.59585804,0.5539689,0.5502168,0.8761603,0.95693445,747,867,727,654,751,701,985,937
2007,3,10.175037,10.999791,11.318724,10.245006,9.46291,9.945315,10.4280405,9.4209,2.357115,1.949582,0.43289098,0.38910815,0.2887785,0.8445446,0.9387809,0.73794293,555,851,727,654,751,701,986,937
2007,4,9.403418,8.525468,8.425558,8.980783,9.58085,9.388564,9.046758,8.457092,1.8941245,1.0016576,0.44538876,0.41153064,0.40326905,0.7506251,0.6194476,0.6099624,720,860,727,654,751,700,983,936
2007,5,6.265928,6.6674237,6.571882,6.452445,7.275515,7.564764,6.6189585,6.8548784,1.0390981,1.1570212,0.40744108,0.37355587,0.58801293,0.82459694,0.5675946,0.6201469,1338,868,728,655,752,708,1000,997
2007,6,5.0065193,5.6662564,6.0587306,6.233967,5.815575,6.090594,5.855828,5.578966,0.45802534,0.59028435,0.21504493,0.22640297,0.29752642,0.44092232,0.46977088,0.72942793,1365,876,727,654,751,712,1041,995
2007,7,4.5681233,4.1668534,4.9860187,5.138754,4.994167,5.319407,5.2683735,5.244297,0.53663886,0.35096022,0.8564821,0.6413743,0.83626103,0.4875339,0.51208836,0.39820078,1405,876,727,654,751,712,1041,994
2007,8,5.290762,5.473236,6.4228487,5.7224956,5.937062,6.5964446,6.278152,4.9893165,0.5657966,0.29528916,0.44416046,0.34845653,0.51481473,0.3493704,0.536451,0.57371706,1405,876,727,654,751,712,1041,995
2007,9,8.322315,9.314921,10.123423,9.759024,9.633364,9.669612,8.846019,8.137226,0.86536795,0.54730415,0.19517848,0.3634735,0.39846563,0.3749997,0.69437414,0.6427652,1408,876,727,654,751,712,1041,994
2007,10,8.601326,9.377423,9.61028,10.128167,10.472098,10.767288,10.105339,9.003288,0.7225332,0.579742,0.40353188,0.20837654,0.26442194,0.5507518,0.7743135,0.65671897,1405,876,727,654,751,712,1041,996
2007,11,9.745584,10.328078,11.357591,10.409756,9.917482,12.027769,11.601541,10.120325,0.7549833,0.8046818,0.55581415,0.5383188,0.333523,0.8054784,0.75779873,0.4510914,1343,863,727,654,751,710,997,998
2007,12,10.109259,10.750757,10.244574,11.335766,11.890612,12.104759,12.069994,10.142149,0.6236432,0.42938122,0.5484373,0.5333406,0.46685517,0.41086426,0.6789222,0.69628614,1336,863,727,654,751,701,998,994
2008,1,7.4554787,8.11352,12.695882,12.359423,11.205385,11.516642,10.597414,8.912183,1.4218489,1.4290484,0.9212073,1.5062168,1.6190106,1.3142084,1.9661045,1.2546837,651,855,727,654,751,699,991,973
2008,2,12.426409,11.411734,11.731804,12.460205,11.311424,9.759179,9.693181,10.440996,1.7296252,1.0879728,0.43707734,0.1732916,0.7461592,0.43009934,0.6369955,0.49762684,629,855,727,654,751,700,994,996
2008,3,13.244029,9.359948,9.165375,8.691443,9.528426,9.87899,9.497005,9.713246,1.9397746,1.213197,0.32813677,0.40517133,0.43684867,0.4037835,0.6694291,0.64569503,141,720,727,654,751,700,996,995
2008,4,8.441349,8.259244,9.396914,8.74926,8.211142,8.830097,8.663786,7.5885463,3.015764,0.6322197,0.4312677,0.43873507,0.3598267,0.42993444,0.81563175,0.679309,464,856,727,654,751,700,998,995
2008,5,6.6449656,6.6755085,6.516478,6.680846,7.089704,8.054337,8.285296,8.336521,1.2275484,0.69365674,0.40596324,0.39200956,0.3387875,0.46289048,0.5311207,0.6008413,1322,860,727,654,751,706,998,996
2008,6,4.714955,4.980064,5.775169,5.95762,5.7121363,5.4650555,5.602426,5.95732,0.36768255,0.42897403,0.33347687,0.37375426,0.1821529,0.2973851,0.29340824,0.5067067,1360,876,727,654,751,712,1041,995
2008,7,6.158078,5.606772,5.014043,5.838187,6.257823,5.9689226,5.687369,6.2722726,0.55389524,0.2672509,0.44599023,0.70511067,0.5844077,0.5651653,0.3832152,0.52568495,1405,875,727,654,751,712,1041,999
2008,8,5.1024857,4.8103137,5.391861,5.9707537,6.386731,6.422216,5.768256,5.1990833,0.5036401,0.35490298,0.44250283,0.42859447,0.5085322,0.36486635,0.74514055,0.59491026,1405,876,727,654,751,712,1040,996
2008,9,6.794674,6.5148687,7.738998,7.7041864,7.4258175,7.2765226,7.79726,7.3621945,0.5583264,0.6592306,0.554498,0.7172175,0.6845231,0.53681827,0.7715877,0.8095641,1407,878,729,656,753,714,1045,1000
2008,10,9.161965,9.471178,9.21846,9.329766,9.52275,9.74574,9.59578,9.991044,0.4432902,0.5825664,0.22236899,0.38504958,0.24930456,0.24441764,0.48833567,0.6970824,1405,876,727,654,751,712,1041,994
2008,11,9.305576,9.803117,11.016872,11.577731,11.145625,10.406282,9.548765,10.181303,0.8450622,0.48327306,0.5312639,0.42208272,0.5199177,0.43083155,0.44708827,0.67853194,1335,860,727,654,751,710,998,996
2008,12,11.754632,11.306506,12.97747,13.282865,11.384398,10.906774,10.619148,9.383893,1.3164332,0.57276475,0.32697207,0.3805634,0.5418821,0.47730562,0.61022145,0.7086191,1126,860,727,654,751,700,999,996
2009,1,10.794828,9.926149,10.8096075,11.041323,10.459398,9.515302,9.740443,10.083714,1.9810383,1.2295306,0.66319263,0.67973506,0.61494255,0.6236958,0.6866367,0.852787,622,865,729,656,753,702,1000,998
2009,2,13.665211,11.131557,13.021113,13.198329,12.21939,10.423912,9.514293,7.4765534,1.793623,1.248296,0.63783294,0.42347494,0.4184345,0.59315723,0.6578432,0.6115633,488,851,727,654,751,700,994,995
2009,3,9.88622,10.380627,10.913507,10.811725,10.282293,10.520774,10.710904,9.65178,1.4510282,0.37473407,0.4376153,0.3592813,0.35806984,0.48858094,0.76890075,0.38854286,713,855,727,654,751,700,994,994
2009,4,8.861433,9.306239,9.259163,9.1601715,9.643529,9.31321,8.37518,7.6451564,3.4734027,0.8295679,0.32598832,0.31141907,0.32647943,0.36237213,0.6944469,0.7832962,528,825,727,654,751,700,998,995
2009,5,6.360376,6.040133,7.558988,6.9418063,6.270687,6.278555,5.8808103,5.1262307,1.1484815,0.62787986,0.15183204,0.28648692,0.31454778,0.33468446,0.876015,0.66231453,1280,867,727,654,751,706,998,988
2009,6,5.2455683,5.5240746,5.9690557,6.0884123,6.1744146,6.7266536,5.9205384,5.166758,0.386027,0.6523373,0.28264308,0.2523818,0.2723459,0.4363524,0.74425745,0.77128947,1353,876,727,654,751,712,1041,996
2009,7,6.11827,6.2474113,5.727245,6.601817,7.0250745,6.5973043,6.0301337,5.205978,0.78372264,0.83521456,0.22264735,0.28499994,0.22421922,0.3458573,0.3956171,0.4845217,1405,876,727,654,751,712,1041,994
2009,8,6.0185776,6.630025,6.2848024,6.610162,6.816338,7.028176,6.4739733,6.442677,0.50234765,0.32301787,0.51725024,0.5059769,0.38796914,0.31762853,0.61133623,0.5317219,1405,876,727,654,751,712,1041,995
2009,9,7.8342166,7.893146,8.527263,8.832813,9.03664,8.91364,7.940714,8.321092,0.5700494,0.86111414,0.24162304,0.2831871,0.25361735,0.4903073,0.43664348,0.31948647,1408,876,727,654,751,712,1041,995
2009,10,8.429839,7.822359,9.170314,8.338459,7.6281986,8.089435,8.282838,8.524216,0.8222744,0.5291423,0.3486569,0.44167742,0.34987852,0.39318383,0.4183864,0.6644671,1408,876,727,654,751,712,1043,997
2009,11,10.661906,11.038583,12.650105,12.187315,11.973049,12.143508,11.809818,10.891899,0.76340777,0.98946047,0.46665967,0.7190592,0.2697369,0.36684278,0.9065529,0.5619683,1329,867,727,654,751,710,997,995
2009,12,10.828985,10.335584,9.676849,9.622281,9.704484,10.368467,10.275944,8.102691,1.3435482,0.5065565,0.4535776,0.42169595,0.37435392,0.4769495,0.8243782,1.0055841,820,860,727,650,751,669,928,907
2010,1,11.50511,10.741034,10.447475,10.204024,9.757562,9.932935,8.73762,9.014067,1.9595684,0.97384906,0.30352485,0.76084065,0.6477146,0.7657067,0.63610196,1.0341607,529,853,725,652,751,671,924,903
2010,2,12.380586,8.455671,10.852167,11.110937,10.022505,8.199335,8.888879,9.027702,1.6336004,1.5788348,0.39771006,0.5512956,0.7655051,0.9266127,0.79689074,0.75121146,130,649,725,650,751,669,929,902
2010,3,9.35609,9.246707,10.94594,10.970559,11.042365,11.024653,10.480414,10.138989,2.337094,1.6096653,0.4559249,0.6938939,0.6926546,0.62952447,0.91046447,0.74122655,106,502,727,650,751,665,922,905
2010,4,7.882499,8.566412,10.663649,10.458548,10.19699,10.2891,9.090929,7.8600087,1.3075184,1.2693415,0.6239064,0.54235905,0.44667464,0.33544102,0.7785034,0.69685847,143,768,727,650,751,664,922,903
2010,5,5.8214326,7.081238,7.2547693,7.8741727,7.77857,7.529224,7.16919,5.5910974,1.3805674,0.94700414,0.6342725,0.70590734,0.72268,0.7531025,1.0202125,0.90950924,880,865,731,654,755,674,930,909
2010,6,5.6742096,6.2406397,6.8628473,6.8122587,7.3113,7.4610443,6.673861,6.36293,1.0151569,0.7801087,0.3065688,0.47569877,0.33659393,0.37880766,0.58930707,0.78958476,1287,860,727,651,751,666,931,902
2010,7,4.533768,4.817822,5.1671667,5.358764,5.701373,6.1855984,6.365046,5.5775394,0.73784673,0.6683629,0.40291715,0.4846541,0.3961117,0.5944244,0.82416546,0.90855443,1287,863,729,652,753,664,918,903
2010,8,5.4112287,5.821577,6.1743307,5.9870872,6.006533,6.754112,6.580809,5.1717405,0.73979336,0.48393804,0.2539556,0.3787986,0.5683888,0.59321713,0.8866056,0.88597035,1285,854,727,650,751,670,923,903
2010,9,7.6991854,7.750656,8.43944,8.4753895,8.359053,8.244237,6.724623,6.2280827,0.8596422,0.8596725,0.5881897,0.70785964,0.6687452,0.8695986,0.69664496,0.8439936,1287,862,727,650,751,666,920,906
2010,10,8.826695,9.155914,9.485555,9.889991,10.262634,10.396572,8.332542,9.007119,0.9216425,1.1067488,0.35497352,0.5954104,0.3533921,0.6842019,0.8478015,0.749539,1286,861,727,652,751,669,929,903
2010,11,9.883599,9.423,10.043347,9.836456,9.783073,9.85971,10.693796,9.567378,0.6957083,0.72040385,0.48910567,0.42567602,0.45453703,0.6073788,1.1354778,0.81672066,1284,860,727,650,751,667,922,904
2010,12,10.331973,11.651713,11.75219,9.883642,9.840022,12.391272,11.398871,8.905433,1.090401,1.0018667,0.5448693,0.92881966,0.9555097,1.0091071,1.6525413,1.0100728,1212,853,727,652,751,668,931,910
2011,1,12.361815,10.919323,10.071252,10.607348,11.937905,10.75056,9.934245,9.573196,1.3948025,1.5097924,0.6609335,0.97147286,0.6122952,0.90949714,0.7791597,0.84396255,499,850,727,652,751,673,922,904
2011,2,12.647233,10.464396,11.93797,11.590321,10.631876,10.323805,11.429072,10.656853,1.6038738,1.0269047,0.6598379,0.9813974,0.61591685,0.6736949,0.8898012,0.80469763,502,826,727,651,751,677,926,907
2011,3,7.6382847,7.871473,9.439213,9.313633,9.491439,8.583107,7.850929,8.199507,1.2005539,1.4923149,0.6325646,0.94871354,0.7169079,0.86291885,0.49844855,0.9673729,297,743,725,651,751,671,926,905
2011,4,7.4666853,9.965982,10.081291,9.997494,10.245434,10.619388,8.523364,7.15168,2.534413,1.9008244,0.52814215,0.6002499,0.663234,0.920079,1.0090293,0.7010319,407,844,728,651,752,667,927,907
2011,5,6.0361485,6.87692,7.797149,8.005602,7.837649,7.6929865,7.14914,5.5591626,2.1114495,0.97261447,0.30757678,0.38779995,0.41271067,0.64695966,0.5918989,0.86139435,1186,861,727,652,751,664,919,904
2011,6,5.2744336,6.4215493,7.2030554,7.3354235,7.612181,7.5495386,6.157591,4.318409,0.67150635,0.6948903,0.2023442,0.45234048,0.36263147,0.5958181,1.1673385,0.7605618,1283,853,727,648,751,663,924,903
2011,7,5.668629,5.3186426,5.1052675,5.533472,5.6737256,6.6438656,6.339635,5.7703314,0.5088081,0.5056702,0.3989414,0.6108495,0.75539184,0.6216869,0.9789241,0.8549109,1286,862,729,654,753,664,916,904
2011,8,6.2124734,6.1943526,5.6350946,6.0174947,6.138,6.2112675,6.307141,5.7421613,0.5896025,0.43908384,0.508607,0.4886778,0.30356583,0.33410615,0.5909198,0.5920211,1284,856,727,650,751,663,912,901
2011,9,7.979604,8.529148,7.5717807,7.806146,8.818966,9.468626,7.303363,7.7322097,1.0288225,0.7496134,0.42139208,0.46121264,0.34361678,0.66548204,1.0404882,0.88096184,1285,853,727,650,751,668,915,899
2011,10,8.453074,9.372133,10.380399,10.312012,10.483003,10.468284,9.122148,7.8485346,0.9332942,0.58764464,0.7867404,0.6252297,0.6719319,0.45120037,1.3067448,1.1153128,1072,797,713,618,704,613,833,729
2011,11,11.16608,11.210238,11.020945,11.415206,10.836029,10.8917,11.631391,11.1530485,0.8393999,0.6639008,0.6999081,0.7075043,0.5899131,0.80568504,0.55774206,0.96027315,1071,799,714,620,704,618,835,731
2011,12,12.155398,10.981717,10.161639,10.3624525,11.205258,11.099332,10.938785,10.534966,2.0576148,1.1603507,0.68723774,0.7315266,0.70055324,0.5630898,0.55933446,0.5640548,891,801,712,620,704,615,836,731
2012,1,9.956482,11.731104,10.462709,11.048133,11.427857,11.147521,11.137488,10.592383,1.2747741,1.1612492,0.45352283,0.6188671,0.7411209,0.8083099,0.72148,1.0089228,337,793,713,624,709,616,837,729
2012,2,11.6489315,10.194169,10.62198,10.684155,10.709673,10.684467,11.340966,10.591424,2.5517766,1.8644799,0.8352835,0.74042124,0.77466124,0.66844535,0.67300415,0.57004654,173,696,715,616,702,616,834,730
2012,3,11.502997,10.666857,10.547125,10.786493,11.082897,10.63591,9.599827,8.197821,2.008558,1.722949,0.67664474,0.49549904,0.47515544,0.62321734,0.964893,0.72371423,181,657,714,613,703,615,837,734
2012,4,10.283241,10.161747,9.159982,9.321867,9.9011755,9.836004,7.647759,7.320266,1.9227943,1.6239164,0.34455085,0.48103485,0.551831,0.9523316,0.8239314,0.9418561,821,790,710,613,707,614,839,730
2012,5,7.998449,7.6154566,7.6120586,7.9713793,8.219408,8.498439,7.8760386,7.483588,1.6263324,0.98117906,0.5557416,0.44660422,0.4651325,0.42728072,0.6640598,0.8789918,1040,796,714,621,706,611,836,731
2012,6,5.833901,5.989646,7.3966904,7.679103,7.3296447,7.4097223,6.7600665,6.266123,0.74045694,0.5795431,0.73334163,0.6383715,0.6490103,0.47732508,0.4929501,0.59350044,1066,796,713,613,703,613,836,728
2012,7,6.2856407,6.299744,6.990512,6.7501826,7.111044,7.0617704,6.514011,5.997376,0.575876,0.54112107,0.36960807,0.48826206,0.58789724,0.3825935,0.526821,0.47316924,1076,793,711,615,706,613,831,730
2012,8,7.058645,6.971909,6.1171494,6.429625,6.58647,6.904523,6.93374,6.2439594,0.58303905,0.5432164,0.35612765,0.39034265,0.4233826,0.438079,0.5254296,0.43836063,1073,800,714,616,704,613,835,728
2012,9,9.242705,9.299486,8.69519,9.216771,9.631925,9.609997,9.813828,9.080772,0.7160955,0.59828264,0.6508553,0.6195418,0.7220305,0.58561957,0.5973463,0.7714904,1075,799,714,618,706,616,839,729
2012,10,9.775797,9.702405,8.779474,8.950373,9.698564,10.491795,9.040383,7.5222454,0.78649795,0.5724122,0.5406472,0.6968718,0.6546517,0.47444645,1.410302,0.84542966,1075,798,714,618,707,614,835,731
2012,11,10.2781105,11.173453,9.7402935,9.572245,10.037586,11.468323,10.06581,9.938573,1.402546,1.2949669,0.6040831,1.012547,0.71757656,1.0494392,0.9902982,1.2022963,1074,800,714,617,703,618,836,732
2012,12,10.588663,10.695315,11.007433,10.19939,9.8970785,11.065969,12.11631,9.792225,1.3472011,0.8537627,0.55570424,0.6689177,0.62900525,0.79057914,1.0742793,0.83663726,738,799,712,618,707,616,839,733
2013,1,11.596985,9.25169,10.819269,10.434957,9.8523445,9.6732855,9.967749,9.441699,1.8470318,1.0142943,0.5648477,0.7544623,0.96733683,0.48729706,0.7743469,0.54489124,423,789,713,614,704,616,833,733
2013,2,13.144108,10.567786,10.853252,10.66603,11.30773,10.718881,10.429694,9.769172,1.8851061,1.572755,0.5857817,0.80923015,0.6420709,0.7260708,0.64217514,0.54994684,223,746,712,619,705,614,832,730
2013,3,11.41687,10.343311,11.068847,10.853798,9.965913,9.091993,8.88119,8.087351,2.136025,2.1069353,0.55328095,0.43055937,0.59838736,0.9988356,0.83335876,0.59307736,356,788,711,618,704,616,837,731
2013,4,9.162535,10.075266,9.225209,8.612571,9.396493,8.989429,8.068956,8.066979,2.134234,0.8559391,0.58113587,0.5214576,0.8053968,0.75758606,0.7192018,0.851655,844,760,715,619,705,616,837,729
2013,5,8.486686,7.626412,7.918768,7.811717,8.343737,8.376091,7.854543,7.2096863,2.006331,0.6226541,0.47357565,0.54512537,0.626461,0.48795897,1.1360792,0.94971704,986,819,712,616,704,614,870,787
2013,6,4.558097,5.089838,4.585233,5.173054,8.658288,10.491818,7.4943275,5.6188607,1.2773556,1.1553239,0.88435745,0.8934735,2.2162378,3.0820258,1.405048,1.2196891,102,193,568,565,632,561,804,306
2013,7,5.8767962,6.0992775,5.865341,6.5218835,6.9475484,7.0555177,6.885044,6.092999,0.5263538,0.5617085,0.26538166,0.36135507,0.40120462,0.3727724,0.575705,0.5539245,1088,769,685,580,663,584,830,769
2013,8,7.52649,7.575788,6.9041147,7.734464,7.9261723,8.064315,6.9613776,6.1142883,0.9950262,0.66131383,0.44777617,0.6512651,0.4707533,0.5159178,0.87276834,0.5770561,1089,770,686,580,664,586,830,767
2013,9,7.9213247,8.399004,8.834165,8.885091,8.982741,10.096351,10.480297,8.006518,0.7616239,0.66989267,0.56003755,0.671814,0.8113636,0.53546166,0.97823423,0.7873267,1093,771,685,580,663,587,835,770
2013,10,9.571667,10.609248,11.295778,10.860002,10.466194,11.619067,10.218562,8.975638,1.3559849,1.0048165,0.6034529,0.64197826,0.4563912,0.5820933,1.1821758,0.66982186,1093,771,685,580,663,585,833,769
2013,11,9.866822,10.2498455,11.486155,11.47094,11.271362,11.116136,10.039481,9.041736,0.6330816,0.8296056,0.4758806,0.59929276,0.53886473,0.84514153,0.7908835,0.85296726,1090,770,685,580,666,587,836,770
2013,12,10.363263,9.753782,10.42705,10.235277,9.354104,9.866805,9.263293,8.562881,0.86379087,0.9372691,0.6506068,0.6203052,0.53112096,0.43686485,1.0403212,0.7265966,1069,770,686,579,665,584,834,771
2014,3,11.608694,10.383377,10.239347,10.442818,10.718157,10.462396,9.169502,8.562632,1.8391191,0.9848613,0.6639826,0.6075226,0.3560471,0.55187833,0.8640802,0.88950795,585,768,687,580,663,586,833,770
2014,4,9.847012,9.167556,9.586942,9.412481,9.582091,9.257025,7.993231,7.5622334,2.0578768,0.772412,0.52616453,1.2536206,0.8935982,0.9189412,0.64178836,0.72762114,990,768,686,580,665,584,835,770
2014,5,6.174902,6.333958,7.6507087,7.2760615,7.429064,7.1725044,6.8254304,6.2319446,0.66546947,0.59659314,0.3688909,0.6245837,0.72765744,0.50098366,0.49094394,0.47819072,1085,768,685,580,664,585,835,770
2014,6,5.753866,6.553601,7.04183,6.974672,6.5907226,7.2455363,6.7907405,7.299635,0.67397493,0.6138784,0.3743804,0.52085984,0.3833398,0.60372156,0.75203097,0.6251457,1131,793,698,595,688,600,863,793
2014,7,6.3185472,5.5172086,6.0903606,6.481111,6.279998,6.6194854,6.3197737,6.296815,0.6707925,0.40870982,0.25261745,0.3230038,0.47591755,0.3165927,0.4870977,0.41782758,1134,795,699,595,689,600,863,796
2014,8,6.4447856,6.3747993,6.903389,7.2722654,7.518288,7.584946,7.186833,7.3652043,0.57189596,0.71150136,0.38909546,0.44350275,0.70615685,0.5348001,0.6244384,0.70463187,1132,798,699,594,690,602,864,794
2014,9,6.7021875,7.5659814,8.266426,8.251111,8.287648,9.099845,7.7361913,7.3747864,0.9808874,0.8249544,0.7298101,0.6264306,0.76574063,0.41109633,0.6703265,0.5589458,1133,798,700,594,692,602,867,793
2014,10,9.428625,10.185291,9.981219,10.067503,11.037293,11.388322,9.268749,8.914494,0.6153508,0.9025156,0.70904154,0.93459255,0.5771858,0.5308077,1.1330855,0.8743315,1134,800,699,595,688,601,867,793
2014,11,9.942784,9.747584,11.467627,11.025779,11.083081,10.579212,9.736537,8.424012,0.70335704,0.92530185,0.49250972,0.89487725,0.8429442,0.5186531,0.70545155,0.89349747,1134,796,700,595,691,600,869,792
2014,12,11.412419,9.561508,11.081898,10.876705,10.09266,9.545536,9.365317,9.465815,1.5596751,0.6265606,0.82867074,0.8633702,0.68361884,0.9024769,0.7611272,1.0714076,1133,798,700,595,690,602,869,796
2015,1,10.317642,10.302286,10.468464,10.02573,10.421933,10.363449,9.596434,9.433882,1.370053,0.6131938,0.6549803,0.4525381,0.63599306,0.463528,0.8530709,0.9901104,959,798,700,594,691,600,868,795
2015,2,12.317666,10.599361,9.205341,10.353248,11.0405855,9.646037,9.612209,8.212598,1.8399942,1.3080078,0.5578449,0.77595186,0.95900816,0.646826,0.8871494,0.85943246,1115,796,700,595,689,600,867,796
2015,3,10.340209,10.403031,9.047052,10.309926,10.249059,8.983336,9.435297,8.706671,1.8880776,1.2421823,0.4549914,0.7400708,0.6822725,0.48374522,0.5772055,0.8615735,667,798,700,595,691,601,868,797
2015,4,10.730474,9.449425,10.638154,10.785249,10.894337,10.956731,9.794122,8.806782,2.3043532,1.1319231,0.64374137,0.70629746,0.7000995,0.81284547,1.1822534,0.86783344,1048,797,700,594,689,601,867,795
2015,5,7.605269,7.262531,9.204421,9.274605,8.839736,8.152258,7.3295617,6.6188,1.0092881,0.81288046,0.6052212,0.4935739,0.67240983,0.4919646,0.54846066,0.62030965,1130,799,699,595,690,601,867,793
2015,6,6.80203,6.575663,7.58812,7.453805,7.1736364,7.058321,6.1584773,6.2663665,0.64753115,0.7117291,0.48237014,0.41729164,0.52641034,0.5074325,0.5936802,0.5524447,1131,790,700,593,685,601,859,791
2015,7,5.8881035,6.666394,6.859829,7.2606616,7.864964,8.023525,6.8649077,5.620984,0.542267,0.54868156,0.47686926,0.48108345,0.5400913,0.3385307,0.7600902,0.5709154,1130,792,699,593,683,599,858,791
2015,8,7.073133,6.7988024,7.504787,7.0804706,6.803465,6.729459,8.012794,6.021905,0.49888727,0.5333356,0.37553665,0.51914227,0.41507906,0.5302241,0.8063798,0.80851537,1134,793,698,595,687,601,857,794
2015,9,8.533181,8.042119,7.4135623,6.769399,6.5373144,7.8332663,8.438318,6.878857,0.6761926,0.9419576,0.44757754,0.47005796,0.45801243,0.88505954,1.2364134,0.80158424,1131,794,699,594,689,601,862,792
2015,10,8.827086,7.9572315,9.530852,9.062819,8.959798,8.709033,8.111004,7.3609004,0.90202874,1.0968059,0.48004654,0.63799095,0.59266204,0.58930755,0.99544525,0.55751884,1129,790,698,595,686,599,862,791
2015,11,9.877413,10.240516,11.369805,11.510815,11.870722,11.385983,11.362857,9.556563,0.97014344,0.8811413,0.7808948,0.57119566,0.660889,0.7480322,1.0620052,0.8228854,1130,792,699,594,688,600,860,791
2015,12,12.228544,10.967943,12.034806,12.1645565,11.830967,11.616663,10.04356,9.242203,1.7234573,0.7449904,0.8008374,0.96620476,0.812136,0.7859554,1.1368066,0.6683551,1124,795,698,595,688,600,859,792
2016,1,11.215248,8.707671,9.353681,9.569206,8.857469,9.712251,10.293303,9.836422,1.6612092,1.0695537,0.48928508,0.5514041,0.5008937,0.5205383,0.6142538,0.76438695,953,791,699,592,687,598,861,790
2016,2,10.158987,8.803582,10.147093,9.563168,9.120841,9.474461,10.404309,9.511395,1.2994334,0.72454524,1.0962442,1.184539,0.8018325,0.821765,0.92206204,0.80169475,781,790,698,595,687,599,862,792
2016,3,11.197351,9.589756,9.9150715,9.841994,9.505011,9.181071,8.353042,7.706306,1.3361934,1.4930303,0.48585516,0.6502645,0.6768,0.6519409,0.8272138,0.661575,616,795,699,594,686,600,857,791
2016,4,9.116617,7.829749,8.733374,8.806072,8.581907,8.387615,7.6310496,7.1287885,2.118159,0.7504864,0.524341,0.5671978,0.62610847,0.52327263,0.74114114,0.6539683,885,792,699,594,688,599,858,792
2016,5,6.142914,6.9130135,7.701197,7.767425,7.996457,8.068342,6.967467,6.9564342,0.562718,0.8254668,0.49696356,0.4523543,0.47719574,0.52683175,0.5743461,0.5428597,1130,790,697,594,685,600,860,791
2016,6,6.2668066,6.5233936,7.2212653,7.103313,7.2680535,6.9388595,6.4118605,6.0617547,0.78370297,0.8123967,0.4594901,0.42539206,0.5341156,0.4764799,0.43063036,0.44013104,1128,792,699,593,686,598,859,794
2016,7,6.0782623,6.2043033,6.009258,5.767853,5.9529705,6.6483564,6.9039097,6.0368834,0.43299133,0.5430079,0.31887764,0.33402887,0.38325265,0.4447677,0.7065,0.6357533,1130,791,699,594,686,598,860,790
2016,8,6.728086,6.7970753,6.4223847,6.6894746,7.059224,7.023547,6.7971644,6.4598413,0.579672,0.7025863,0.45795977,0.4650633,0.4658472,0.47035444,1.0004079,0.6057662,1126,792,698,594,688,600,864,792
2016,9,8.916102,8.019721,8.678412,8.736343,8.784605,8.857284,7.4254117,6.4190006,0.7249524,0.7841139,0.51556534,0.5159618,0.62734413,0.49741024,0.8961342,0.78743756,1132,793,699,595,689,599,861,789
2016,10,10.2577715,9.844225,10.262182,11.061912,11.086711,10.251982,9.301602,6.887658,0.70879304,0.6535279,0.82802355,0.69038016,0.72997826,0.6176587,0.99864155,0.7666643,1130,791,699,594,686,600,857,790
2016,11,9.8510065,9.818108,11.286935,11.285546,11.134835,10.813306,8.549745,9.342789,1.0116861,1.2682471,1.1601665,0.9982294,0.899015,0.7053748,1.0305927,1.0355294,1133,795,698,595,687,599,862,790
2016,12,10.894286,10.190359,12.035296,12.078869,12.196373,11.873466,10.308511,9.455208,1.1464311,0.8514076,0.7886529,0.85312194,0.93532574,0.67589074,1.2678164,1.3300984,1124,793,698,595,687,600,860,793
2017,1,10.53676,9.770355,10.815223,11.171595,10.085448,9.858442,8.713979,8.975975,1.4641387,1.0274984,0.6211232,0.603377,0.65364784,0.82561225,1.1028138,1.2715604,1082,793,698,593,690,600,856,791
2017,2,11.500935,10.635043,11.663032,11.744686,11.528451,9.904534,8.438686,8.041802,1.5121315,1.5561365,0.8123805,1.1645551,0.93419355,0.8494567,0.8083413,1.2277538,745,793,698,594,687,600,856,791
2017,3,9.420915,9.569075,9.823643,10.006984,10.0812645,8.997812,8.833322,6.9803433,1.8615113,1.3540573,0.55536664,0.67388004,0.46629557,0.77692676,1.2123764,1.0274936,485,789,698,594,688,599,862,790
2017,4,7.7597327,7.6334047,9.491072,8.539844,7.491525,8.040384,7.0751266,6.9747186,1.5868782,0.9413397,0.6612075,1.070985,0.96469617,0.4077667,0.6830636,0.69428116,886,793,700,594,687,599,860,791
2017,5,6.1116853,7.066052,8.775812,9.233833,8.575023,7.997194,7.5417533,7.07275,0.70790327,1.0071222,0.6607478,0.56916183,0.52199566,0.6107807,0.63058424,0.77740926,1129,791,698,593,685,600,859,790
2017,6,5.747817,5.662186,7.4340158,7.084176,7.123968,7.172247,7.0307765,6.272841,0.6760843,0.53249985,0.42247197,0.45483285,0.816268,0.54093015,0.6030453,0.85687727,1130,788,699,593,690,601,857,786
2017,7,6.24617,6.371952,6.781282,7.0505323,6.87218,6.643891,5.443802,5.271857,0.45231566,0.48958585,0.3324354,0.40915653,0.37049022,0.38853502,0.6098222,0.42537746,1130,793,699,594,685,599,860,788
2017,8,6.987267,6.7483816,6.5577874,6.706138,7.0405445,7.4252224,7.5287814,6.8381505,0.8088011,0.81531847,0.5594887,0.51606303,0.5783193,0.57035214,0.7928663,0.60430825,1132,794,699,595,689,600,860,791
2017,9,8.296941,8.836579,7.7365108,8.332463,8.808215,8.912692,7.3386865,6.8845263,0.6298721,0.52509755,0.89985985,0.54668456,0.59264266,0.39487746,0.9140257,0.6951812,1132,793,697,594,688,600,860,790
2017,10,9.613239,8.904249,11.548273,11.581068,10.509447,9.990994,9.510724,8.614401,1.2176731,1.2148229,0.6898206,0.6429757,0.92841095,0.59041506,0.7656079,0.9353185,1132,792,698,594,686,598,856,790
2017,11,10.274555,9.888535,10.606642,10.538738,10.834675,11.774984,10.394159,8.820083,0.7586242,0.83750725,0.74981487,0.60958356,0.800062,0.8641876,1.2727743,1.1912367,1130,791,700,594,687,601,856,790
2017,12,10.5913105,10.239917,12.382992,11.448618,11.404508,10.210023,9.849892,9.6845045,0.7238831,0.9816434,0.5903226,0.4556446,0.5404079,0.7769024,0.7532508,0.8309457,1130,791,698,593,687,598,858,792
2018,1,10.0307,10.30448,11.101183,10.470135,9.8046055,10.5882225,9.761865,9.097282,0.69865775,0.702005,0.57167256,0.5932294,0.6332197,0.591034,1.4462773,1.15192,1112,790,698,594,690,600,857,792
2018,2,11.230715,10.478752,10.946016,11.8623495,11.038694,9.993147,10.135538,8.492868,1.0711594,0.92098874,0.978452,0.71806574,0.70078003,0.92392033,0.96277297,1.5955793,1049,792,699,594,685,597,857,792
2018,3,10.049641,9.112853,11.287801,10.278503,10.096858,9.59024,8.051525,7.692894,1.3720528,1.1605148,0.70850044,0.51449406,0.50515455,0.64800614,0.6214689,0.6973572,968,792,699,595,686,599,857,791
2018,4,9.036577,8.75914,10.575021,11.13022,10.643436,10.195635,7.8170323,7.603772,0.808886,1.0276393,0.5774922,0.5228269,0.8786323,0.71331,1.0252161,0.8944213,1128,790,697,594,687,599,856,788
2018,5,7.1556807,7.686463,9.333933,9.091581,8.550268,8.167035,7.290878,7.0381837,0.5724921,0.67272925,0.5088478,0.60736,0.7869761,0.44553816,0.72431946,0.6096401,1130,793,699,594,688,598,858,791
2018,6,6.250792,6.3065424,7.2727084,7.735051,7.7357264,7.6005583,6.248184,6.0198464,0.6928575,0.56114024,0.38964048,0.4578999,0.60272115,0.6268052,0.6677115,0.5755212,1130,794,698,595,688,599,859,793
2018,7,6.615306,6.811482,6.7964272,7.647612,7.379612,7.444742,6.5241723,6.2141304,0.68601954,0.54319173,0.7059185,0.5329155,0.47457814,0.45140225,0.581603,0.483148,1132,793,699,594,687,600,860,787
2018,8,6.739078,7.6289673,7.302955,7.8118777,7.905367,8.121017,7.6305766,7.17861,0.5894749,0.7064098,0.50785387,0.586957,0.44420543,0.37758693,0.8484089,0.80518866,1130,794,699,594,686,601,860,791
2018,9,7.5481524,6.4477096,7.4119473,7.7634683,7.6970778,7.165106,6.922638,5.568187,0.7173336,0.62385875,0.48414013,0.6491263,0.66670287,0.5722179,0.89861506,0.8709058,1132,792,698,595,689,598,861,788
2018,10,9.794989,9.010429,9.467386,9.862173,10.010577,9.753772,8.330688,8.773176,0.54980564,0.7386116,0.9153497,0.94213533,0.72640216,0.5323411,1.1134723,1.0429131,1130,794,700,594,685,599,859,793
2018,11,10.339861,9.791531,10.487613,10.348167,10.321894,9.962207,9.004631,9.321529,0.7419523,0.9479429,0.7949335,0.6429596,0.56964284,0.6502159,0.9452857,0.80484384,1131,794,698,595,688,601,858,791
2018,12,10.853731,9.974797,11.203366,11.217468,10.592489,10.589633,9.725678,9.677333,1.3512561,0.8461488,0.86777717,1.030525,0.99485403,1.0004121,1.2923936,0.8951656,1127,793,697,592,688,602,858,792
2019,1,11.178525,10.334588,12.9612255,12.076206,10.922815,10.143802,7.8286505,7.244739,2.149888,1.4436375,0.9039948,0.8300031,0.68681675,0.9777595,0.6246393,0.77345675,771,792,699,594,686,598,857,789
2019,2,11.349075,10.46443,12.475381,11.904355,12.352821,10.391777,8.576384,7.138161,1.5458864,1.9674054,0.8376111,0.8450159,0.73825455,0.71228015,1.3478266,1.039289,1091,792,699,594,685,600,856,790
2019,3,9.847237,9.3370905,10.567141,10.726449,11.437516,10.117426,8.335999,8.067415,1.5200704,1.5195912,1.2554308,0.85475177,0.6976364,0.66422176,0.7193309,0.58179855,1130,792,698,594,688,599,863,789
2019,4,9.369349,8.471684,8.843623,8.663922,8.605774,8.723237,7.854318,8.086232,0.9166762,1.0449221,0.41763264,0.59951866,0.78216517,0.45879492,0.9701325,0.63295156,1115,794,699,593,687,599,858,793
2019,5,6.251112,6.562527,7.125067,7.4265885,7.572412,6.6201906,6.9444056,6.4797482,0.746895,0.69215226,0.45903835,0.39964762,0.49984184,0.52635586,0.6085483,0.7921416,1129,793,699,594,687,600,857,789
2019,6,5.7716618,6.1413784,8.123163,7.4580407,6.732999,7.011007,6.733378,5.6964607,0.54259855,0.6173604,0.57252264,0.46468407,0.44212618,0.47430664,0.64252824,0.49421683,1130,790,699,594,689,598,857,790
2019,8,6.109966,6.266247,7.5149536,7.7071815,7.952446,6.028838,5.9740314,5.6719003,0.39690652,0.65676385,0.41649908,0.590111,0.7287702,0.5823923,0.54017156,0.81262845,1129,791,698,591,684,599,861,788
2019,9,8.472052,8.811968,8.0806265,8.29424,8.782085,9.078238,8.597647,6.6528363,0.71681005,0.68423414,0.73041296,0.49367148,0.5133966,0.47519666,0.7980108,0.89583415,1129,792,698,594,686,601,861,792
