YEAR,MONTH,north_bering_chl,south_bering_chl,west_aleutians_chl,central_aleutians_chl,east_aleutians_chl,west_gulf_chl,central_gulf_chl,east_gulf_chl,north_bering_chl_stdev,south_bering_chl_stdev,west_aleutian_chl_stdev,central_aleutian_chl_stdev,east_aleutians_chl_stdev,west_gulf_chl_stdev,central_gulf_chl_stdev,east_gulf_chl_stdev,north_bering_chl_n,south_bering_chl_n,west_aleutian_chl_n,central_aleutian_chl_n,east_aleutian_chl_n,west_gulf_chl_n,central_gulf_chl_n,east_gulf_chl_n
1997,9,1.0880724,0.7960079,0.74923015,0.69348395,0.6121141,0.6312315,0.722898,0.49202245,0.9437569,0.3905476,0.3187528,0.31957033,0.18809737,0.2225543,0.32627502,0.2818136,21568,12321,14498,13473,17438,16766,20519,28003
1997,10,1.20152,0.86524385,0.5308149,0.44947842,0.478789,0.47711694,0.7476815,0.6778221,1.1434788,0.34332192,0.20397402,0.18248253,0.17434438,0.16344246,0.366786,0.2875547,11817,3020,14381,11048,10733,17481,31280,29666
1997,11,NaN,NaN,0.3522601,0.3465845,0.35188767,0.44294742,0.38096935,0.3628235,NaN,NaN,0.09473705,0.08665976,0.10627946,0.09163694,0.11223412,0.071338,0,0,4806,4438,5532,2869,472,423
1997,12,NaN,NaN,NaN,NaN,NaN,NaN,NaN,NaN,NaN,NaN,NaN,NaN,NaN,NaN,NaN,NaN,0,0,0,0,0,0,0,0
1998,1,NaN,NaN,0.27317545,0.28268954,0.29015416,0.3396078,NaN,NaN,NaN,NaN,0.07121481,0.19293216,0.1377666,0.17029291,NaN,NaN,0,0,2365,2848,4497,3006,0,0
1998,2,0.87570626,0.47103366,0.31395847,0.30889928,0.3344432,0.37564036,0.3833754,0.37583748,0.79718596,0.16308223,0.095654614,0.08270829,0.0871686,0.08922823,0.13040458,0.20359668,241,8225,12419,17414,19669,20871,30270,20761
1998,3,1.268236,0.53888285,0.32348418,0.31907955,0.37015292,0.43329808,0.42469788,0.44469565,0.90199775,0.381228,0.070674956,0.08374261,0.09125151,0.10529384,0.11445276,0.2765463,5652,19541,14786,10693,20503,23848,34411,31587
1998,4,1.884288,0.7445887,0.39501172,0.3628082,0.35491624,0.4647577,0.5224416,0.6059509,1.1970665,0.6597871,0.06404765,0.15085144,0.098540425,0.1955063,0.2547616,0.40840924,13219,20365,11457,18383,20524,23712,35133,32229
1998,5,2.0484996,0.9056836,0.31846297,0.36206552,0.4371124,0.8021644,0.92550296,0.6902384,1.3664794,0.6635493,0.058136906,0.17587388,0.27042058,0.568805,0.50335974,0.40595844,15623,20895,15555,14385,18236,23310,35123,32235
1998,6,2.259379,1.4751877,0.39483628,0.38524753,0.5676363,0.6166924,0.802483,0.768991,1.4814512,1.240438,0.13602915,0.14516391,0.3901076,0.50379395,0.49243158,0.5228332,31717,19658,17733,10086,8953,21279,34745,31013
1998,7,0.8967504,0.93384403,0.51179,0.7128312,0.6520925,0.5802201,0.6501912,0.5222583,1.2120852,0.6336801,0.38809016,0.6279638,0.3479837,0.19239525,0.2745273,0.37338325,33458,24224,17415,3839,4189,18343,35284,31323
1998,8,1.1448243,0.8597998,0.6986028,0.6763323,0.57612014,0.59361327,0.8056865,0.5149794,1.1254599,0.5062204,0.2054204,0.24365257,0.25343773,0.22819355,0.33493105,0.33428228,36232,26392,19402,11777,23661,24734,35742,32204
1998,9,1.1927737,0.8825669,0.8141472,0.6469537,0.596574,0.7228386,0.75896835,0.6851325,1.0680084,0.48455635,0.22406732,0.29407433,0.20813759,0.23268202,0.30099824,0.3463202,29729,24585,24009,18264,21403,23991,35272,31765
1998,10,1.6500369,0.81717914,0.7200941,0.5631472,0.56898886,0.5457634,0.5675556,0.5785168,1.5848985,0.5344559,0.22283807,0.16972782,0.16592394,0.1547999,0.19651373,0.27637538,13106,19522,19655,17999,21249,19499,34870,31639
1998,11,NaN,0.44334048,0.5369557,0.46074647,0.4991388,0.49378258,0.34761807,0.44916105,NaN,0.15178432,0.22937201,0.12887678,0.15536682,0.19002363,0.17490284,0.12672196,0,532,2308,3091,7179,10460,1005,1223
1998,12,NaN,NaN,NaN,NaN,NaN,NaN,NaN,NaN,NaN,NaN,NaN,NaN,NaN,NaN,NaN,NaN,0,0,0,0,0,0,0,0
1999,1,NaN,NaN,0.33265623,0.30386245,0.29588294,0.34144536,0.44941577,NaN,NaN,NaN,0.07299207,0.09464249,0.048660435,0.0679482,0.13996813,NaN,0,0,3528,2165,3905,2119,28,0
1999,2,0.80971485,0.57688075,0.3451044,0.33560884,0.33549362,0.3757351,0.3954588,0.4377563,0.43916884,0.35474595,0.094002,0.0791846,0.10849021,0.08019208,0.11671604,0.19084717,3615,18361,7395,12802,19278,24652,32361,28864
1999,3,0.554485,0.45561573,0.28568602,0.29082233,0.32068515,0.35900486,0.4080823,0.37181327,0.633169,0.25483418,0.08576237,0.052841622,0.05887086,0.119310685,0.1325123,0.13773285,5749,19789,14056,14780,21250,24291,35224,31755
1999,4,0.82312584,0.54270256,0.28171277,0.2936088,0.31912163,0.5654022,0.59055173,0.45855922,0.7983793,0.4032667,0.036147363,0.054410245,0.113118835,0.40365916,0.3734556,0.376994,6800,20733,13055,10036,19957,24581,35197,31992
1999,5,1.5888108,1.3210937,0.30048,0.6841544,0.8899935,1.5050738,1.4205189,0.9437105,0.85901636,0.6826271,0.10576563,0.7511499,0.7411165,0.96845704,1.0146872,0.7138961,29412,29877,13004,18629,21198,23409,35839,32024
1999,6,1.1256906,1.1571716,0.557544,0.8626947,0.9217093,0.6888224,1.0379114,1.2466621,1.5123643,0.85313493,0.33179897,0.48642635,0.62704074,0.45508233,0.64307684,0.7551035,41736,28626,7033,8597,20299,21512,34493,30064
1999,7,0.91204095,0.6787353,0.44527364,0.4764029,0.47364166,0.53112674,0.6553608,0.7260317,1.2052705,0.5522177,0.1528914,0.28316915,0.28846663,0.2393591,0.439736,0.33725104,32952,20390,14695,10139,13603,17507,35802,30986
1999,8,1.0345724,0.71222395,0.49056092,0.5152753,0.44096205,0.5879478,0.70105165,0.68867046,1.1384312,0.50480676,0.2733625,0.30419478,0.1965115,0.18148506,0.29335666,0.31270772,30780,17742,24828,17049,13080,18074,35695,32195
1999,9,1.0764742,0.83609766,0.6297339,0.48574966,0.5287676,0.6637063,0.7934272,0.75937307,1.0498973,0.56192356,0.30615765,0.24616563,0.19456619,0.1698785,0.3299446,0.27163693,29387,20802,25008,21155,24948,24954,35915,31480
1999,10,1.3482488,0.64717716,0.61300653,0.4493044,0.4412855,0.54020554,0.608068,0.664936,1.3464667,0.4811945,0.2186349,0.21453102,0.11425299,0.15067275,0.21161753,0.2994283,15244,18163,22813,21093,21736,23939,35213,26561
1999,11,NaN,0.38272214,0.5317948,0.38382632,0.395907,0.48668572,0.4093396,0.32086667,NaN,0.14274347,0.14600332,0.101149775,0.09046104,0.26188087,0.11659914,0.105705984,0,645,9377,4798,2993,12405,3296,348
1999,12,NaN,NaN,NaN,NaN,NaN,NaN,NaN,NaN,NaN,NaN,NaN,NaN,NaN,NaN,NaN,NaN,0,0,0,0,0,0,0,0
2000,1,NaN,NaN,0.3438936,0.2797297,0.330043,0.3862802,0.30866587,NaN,NaN,NaN,0.07223971,0.10047789,0.087219015,0.12037441,0.064780526,NaN,0,0,1769,1663,3289,3206,777,0
2000,2,0.56607604,0.4496519,0.31289378,0.29728603,0.3194449,0.39744183,0.39434865,0.42698914,0.2883045,0.2446259,0.06766914,0.07053325,0.07665449,0.082334585,0.13510263,0.22145101,1454,15112,17090,14506,21253,23676,27536,21189
2000,3,1.0458933,0.46475485,0.31293198,0.30302817,0.31591514,0.37484288,0.38852713,0.43128613,0.8449744,0.30761883,0.071981974,0.05198596,0.05362231,0.08636876,0.1385703,0.21460758,8683,20122,22752,19511,20927,23679,34751,31441
2000,4,1.0773643,0.6100696,0.45822778,0.3615483,0.4047768,0.5412811,0.63969636,0.57466924,0.8583456,0.43869936,0.26679012,0.17823254,0.21333918,0.36114118,0.5076822,0.48212346,21025,27282,14337,19282,24651,24905,35925,31805
2000,5,1.6642733,1.6256533,0.39267215,0.369342,0.64267725,0.9647479,1.135868,1.010053,1.0457821,1.0525936,0.11493503,0.23144759,0.57047164,0.84183955,0.8276473,0.6600855,29384,26089,8804,6279,11552,23621,35971,32360
2000,6,1.2516975,0.88750124,0.37335953,0.36593536,0.55523664,0.53596324,0.69718456,0.7049876,1.4882208,0.46538728,0.051677667,0.17208365,0.4139318,0.44199502,0.44412172,0.4429962,47000,30612,18611,18308,17169,22247,33440,32266
2000,7,0.809,0.7146054,0.3511314,0.7769855,0.6574957,0.5989765,0.5907233,0.53360593,1.1425513,0.5497327,0.22548752,0.97246844,0.49078366,0.33129218,0.36038405,0.29678676,42679,15181,16747,6468,7124,12030,35432,29111
2000,8,0.98408294,0.7627754,0.649784,0.5896993,0.5896539,0.53669906,0.69192487,0.58632314,0.98581153,0.36184582,0.27511576,0.28778726,0.2272803,0.24693017,0.39437693,0.31289345,29746,23095,23315,20252,22910,24968,35824,32325
2000,9,1.4333198,1.0518314,0.6104021,0.6047991,0.61166435,0.70851964,0.8375527,0.72221154,1.1623355,0.6006618,0.19646735,0.20041272,0.1744093,0.30551842,0.41586384,0.35889208,30557,26832,25333,22776,25166,24967,35797,31911
2000,10,1.5117172,0.87348217,0.5077433,0.475784,0.48420617,0.55295956,0.8634336,0.58820724,1.3212793,0.5672308,0.11000139,0.11142979,0.119605355,0.260491,0.72847116,0.3467073,19762,24145,25385,23645,25044,24646,34234,30014
2000,11,NaN,0.44617254,0.35958123,0.39532724,0.4682698,0.56179416,0.41033334,0.2951389,NaN,0.14310928,0.11273207,0.12834968,0.28147572,0.5029909,0.18723023,0.053339854,0,1200,2425,2710,9238,11887,3759,14
2000,12,NaN,NaN,NaN,NaN,NaN,NaN,NaN,NaN,NaN,NaN,NaN,NaN,NaN,NaN,NaN,NaN,0,0,0,0,0,0,0,0
2001,1,NaN,NaN,0.33804274,0.50355524,0.35392043,0.4229519,0.46048167,NaN,NaN,NaN,0.11004258,0.19793189,0.09095368,0.15614933,0.21686952,NaN,0,0,646,2484,2830,5849,416,0
2001,2,1.8164752,0.54562896,0.310553,0.33134657,0.34044257,0.37746438,0.39780754,0.42313546,1.0064297,0.37556556,0.11516691,0.12465634,0.085735835,0.08747713,0.13504377,0.15949537,1218,18842,16584,21222,22836,25022,32586,27650
2001,3,1.3688713,0.57398576,0.3024211,0.35332933,0.33759904,0.37503052,0.3998131,0.41043746,0.90711087,0.41607523,0.1509832,0.17286988,0.0989012,0.098224804,0.15958278,0.19735822,17999,26407,19465,14206,19853,24227,35323,31369
2001,4,1.3478073,0.968297,0.33018795,0.4976148,0.6123514,0.49236783,0.49093783,0.57044345,0.9236615,0.7448892,0.083988935,0.2998401,0.5555335,0.29829025,0.29895785,0.4549281,26157,23036,17840,13250,18276,20799,35397,31684
2001,5,1.8412138,1.6068652,0.5685884,0.91972834,0.98892593,0.71380323,0.81685597,0.6560856,1.3536888,0.98206836,0.48923564,0.58237576,0.70337486,0.48546776,0.6397175,0.43358746,37140,25811,19544,10249,20187,24370,35892,32047
2001,6,1.6782777,1.5426631,0.62148553,0.667998,1.0111458,0.7047517,0.79236245,0.9127131,2.026284,1.1333065,0.23778069,0.42054898,0.6510405,0.4206927,0.55619764,0.64335674,46422,30212,7763,5535,13895,22904,35965,31986
2001,7,1.0393249,0.9183921,0.57025206,0.4116149,0.3375257,0.62863624,0.74523133,0.7951562,1.1447088,0.65528136,0.51332194,0.2215278,0.16849957,0.32618153,0.3157087,0.4398639,42544,22420,7927,4244,7778,17622,35131,29286
2001,8,1.1048371,1.0253602,0.44009304,0.673498,0.5284441,0.5940825,0.77140313,0.782009,1.0361214,0.5451679,0.3377326,0.35178038,0.26058862,0.23507269,0.32711905,0.43449697,40053,29122,24451,18406,20324,23783,35824,32179
2001,9,1.2789037,0.9663591,0.48933452,0.652685,0.5571598,0.6251746,0.9578417,0.6716888,0.97600234,0.42669106,0.271471,0.24229856,0.14821921,0.27429375,0.5995819,0.30834514,47076,30148,25449,23795,25089,24287,35884,31819
2001,10,1.4168909,0.9005986,0.5333873,0.57378256,0.49165753,0.6090802,0.8265687,0.5637636,1.1844578,0.5370411,0.22615448,0.22668418,0.13936336,0.4164322,0.5735581,0.39295813,32863,27782,23938,23689,25100,24558,35175,27921
2001,11,NaN,0.38278607,0.3773723,0.42710575,0.38088542,0.4944719,0.41466707,0.37925234,NaN,0.10923737,0.1525269,0.11475573,0.1195842,0.5273885,0.41617793,0.13379417,0,445,3310,3700,5527,8244,4680,520
2001,12,NaN,NaN,NaN,NaN,NaN,NaN,NaN,NaN,NaN,NaN,NaN,NaN,NaN,NaN,NaN,NaN,0,0,0,0,0,0,0,0
2002,1,NaN,NaN,0.233659,0.34677932,0.325548,0.20740099,0.23109671,NaN,NaN,NaN,0.08370563,0.106242426,0.053404666,0.048218068,0.025914263,NaN,0,0,2231,2384,1041,593,32,0
2002,2,0.6817107,0.4050828,0.3034884,0.32158655,0.32439005,0.3585103,0.37804496,0.39859238,0.6735343,0.20240326,0.07288624,0.07752789,0.106969886,0.08666194,0.15885594,0.15271711,1411,20495,17434,20455,23799,24506,27479,25674
2002,3,0.99477226,0.58695364,0.38033772,0.38413125,0.36769256,0.44603017,0.3940886,0.4792239,0.79453695,0.45557928,0.09668213,0.107371405,0.10844009,0.17252345,0.117767036,0.15713751,22044,28226,19960,23428,22692,24344,35852,32107
2002,4,1.5204735,0.8956268,0.40674993,0.46172646,0.48604512,0.5894988,0.68651706,0.87447596,1.0732942,0.84334934,0.12865184,0.15111344,0.21263945,0.4246175,0.4285445,0.87803096,26948,30007,19739,18130,23838,22348,35385,32550
2002,5,1.757999,1.5692265,0.36423793,0.42038772,0.6818235,1.7039443,1.359979,1.162078,2.8029401,1.1248952,0.068023846,0.13194884,0.5572034,1.564446,0.9879685,0.8092423,47017,30748,20084,19340,24082,24442,36372,32645
2002,6,1.4460874,1.2214712,0.47440076,0.43590012,0.63725895,0.5596456,0.716206,0.7791199,2.7523518,0.8730291,0.1928544,0.19008027,0.6178176,0.40436062,0.6368807,0.84171927,47929,30099,15834,17104,21671,24733,36328,32580
2002,7,1.102058,0.91847193,0.6954949,0.5994145,0.96202976,0.5758028,0.62966955,0.65818346,2.2505875,0.6292848,0.758094,0.5271102,0.70910925,0.39454964,0.44484,0.49611822,40843,26646,9464,19229,21887,23987,36155,32250
2002,8,1.220588,0.95035964,0.61627936,0.5325708,0.8844339,0.640163,0.76151884,0.80682814,1.8781446,0.52411747,0.3053347,0.30529714,0.5342572,0.28081414,0.3686592,0.561073,48069,30805,25183,23836,24978,25263,36201,31877
2002,9,1.3618425,1.0783716,0.64491355,0.60997546,0.82078147,0.6545481,0.84064394,0.7361485,1.4029193,0.44359758,0.15068553,0.18619628,0.23198035,0.21852951,0.4404262,0.4996042,47525,30767,25437,23868,25150,25085,36295,32590
2002,10,1.5443412,1.0495195,0.6758918,0.6447741,0.6342394,0.49281797,0.66649127,0.7014303,1.6062863,0.8733973,0.21763937,0.20717193,0.18025468,0.16277918,0.3589338,0.58690184,46151,30650,24930,24013,25270,25138,36309,32315
2002,11,2.8492076,1.4219689,0.7903242,0.95547134,0.6990306,0.73975444,0.65664303,0.88695544,2.053472,1.5941966,0.4167493,0.8629283,0.7198334,1.0635651,0.5431818,1.6947477,3900,12843,23387,21542,22961,22072,24645,18609
2002,12,NaN,NaN,1.0737604,0.9029019,1.3102198,1.1352899,0.36112842,NaN,NaN,NaN,1.448883,2.2742066,2.2506452,2.1454444,0.23524387,NaN,0,0,9772,9384,9962,7268,339,0
2003,1,0.6221991,0.9267199,0.5636242,0.53595215,0.67206544,0.52000827,0.45776173,0.9459787,0.1459694,0.5495443,0.34546325,0.40451527,0.5869307,0.28673235,0.27460003,0.7452844,94,3566,21490,16051,17578,17242,8216,6141
2003,2,1.5574813,0.6238614,0.3482137,0.3315071,0.36757603,0.38901258,0.42973062,0.6194225,1.352372,0.69455814,0.07170213,0.076815486,0.09377302,0.086373605,0.21582152,0.39182863,7181,21617,24519,22035,23232,24806,32936,31319
2003,3,4.1955,0.8826659,0.4040212,0.40511164,0.37830982,0.41096798,0.44118255,0.51496536,5.557257,0.9315232,0.08618853,0.14310774,0.054956794,0.12872876,0.15749995,0.24703377,29991,30785,25170,23812,25266,25355,36402,32613
2003,4,2.1917987,1.3272443,0.43679896,0.41992706,0.5143242,0.52685773,0.5707465,0.70701975,1.9245569,1.0268487,0.15987132,0.14279795,0.23288363,0.30610862,0.34642038,0.591525,37012,30709,25162,23327,25033,25212,36415,32643
2003,5,1.8817675,1.5800278,0.46150628,0.73221296,0.93308717,1.0854532,1.1339531,1.0259962,2.6505435,1.0400497,0.19242674,0.5104515,0.6175499,0.74507195,0.7505196,0.7690929,47722,30686,24983,23447,24788,25083,36089,32616
2003,6,1.2216834,1.4050131,0.6661242,0.6360837,0.6719461,0.97719216,0.83005136,0.77916,2.7010796,1.0149801,0.4195247,0.3368242,0.55544424,0.7832951,0.5863317,0.5719045,48040,30367,17783,14279,21370,23232,34960,32594
2003,7,1.12721,0.99751395,0.5122311,0.583721,0.70505697,0.50302714,0.6227308,0.69455385,3.0136497,0.59276813,0.34263527,0.3306172,0.53066933,0.20661733,0.33118954,0.5175516,48046,30645,11576,18558,23457,25109,36339,32561
2003,8,1.0991561,1.0346295,0.51189315,0.58045727,0.708698,0.71895325,0.79945374,0.6361735,1.7336402,0.72625965,0.26934543,0.4676688,0.45754483,0.32356244,0.44285905,0.79077464,47914,30685,25351,23672,24733,25266,36338,32614
2003,9,1.2314454,1.0541054,0.6853898,0.60330164,0.5876643,0.6409155,0.8492899,0.66831326,1.4617923,0.43555132,0.18753912,0.18330768,0.20333649,0.28691784,0.5270189,0.5268288,48018,30805,25409,23938,25286,25320,36384,32591
2003,10,1.4251837,1.0386323,0.53388196,0.5066042,0.50797373,0.57383704,0.75564986,0.6794311,1.6212919,0.6903602,0.15226668,0.12955755,0.1519196,0.53005576,0.6606687,0.52263373,47033,30695,25455,24021,25332,25321,36316,32544
2003,11,1.3818358,1.0069892,0.48075777,0.41109326,0.44132876,1.1344862,1.3306291,0.9063429,0.82998973,0.846302,0.30128863,0.22343092,0.29898936,1.6342914,1.9600985,0.9853629,5043,24194,24472,23410,25108,23777,14183,17501
2003,12,NaN,NaN,0.6675623,0.5744113,0.70606804,0.8701396,0.79583216,NaN,NaN,NaN,1.1079304,0.71722716,1.3097765,0.93677586,0.6874659,NaN,0,0,8256,9310,8217,6081,408,0
2004,1,NaN,0.6235472,0.41061816,0.38225415,0.37712753,0.39390436,0.50520986,1.2467024,NaN,0.5856529,0.26328996,0.32408643,0.25324342,0.16670506,0.26735651,2.301635,0,5830,19620,16971,18254,21278,13496,3149
2004,2,1.8664708,0.5461938,0.33710682,0.3121388,0.3174626,0.37372372,0.39450878,0.56953573,4.4007144,0.46679112,0.08690221,0.09671697,0.061568666,0.3182399,0.1889396,0.51848024,12746,30625,25275,23564,25187,25291,36267,31704
2004,3,3.6196206,0.82202363,0.33649752,0.33287746,0.3470305,0.48221773,0.41813284,0.5035741,6.156729,1.3229473,0.03810867,0.04629505,0.053660072,0.16164541,0.16068809,0.31398124,19578,30786,25380,23952,25252,25319,36419,32565
2004,4,2.3378413,1.2767235,0.5734122,0.53879946,0.7208709,0.7593218,0.55963135,0.76930684,3.4791071,1.1904325,0.23269738,0.3139354,0.44282064,0.43977502,0.36424813,0.8351508,40242,30748,25440,23945,25213,25294,36274,32549
2004,5,1.9456164,1.9175584,0.80081683,0.6319115,0.8930317,1.532978,0.8819364,0.9758301,2.64858,1.1413425,0.416087,0.43603158,0.75128806,1.0283899,0.63261634,0.91019547,47480,30757,24802,22798,24670,23588,36385,32624
2004,6,1.2077105,0.87370396,0.3483627,0.36068293,0.42358473,0.8145555,0.725788,0.7206362,2.7503445,0.981325,0.08022303,0.08849379,0.20904657,0.61951566,0.53523946,0.7486001,47187,30644,21453,15825,21498,24222,35971,32648
2004,7,1.1077851,0.94267195,0.4050003,0.5409696,0.71380264,0.6587063,0.64422905,0.5876679,3.3093646,0.9097827,0.16857459,0.42874265,0.63051033,0.4442685,0.37677112,0.5801563,41841,24444,22134,16191,15107,20734,35841,32407
2004,8,1.153095,1.1231267,0.72207,0.8116132,0.8945873,0.79797506,0.74377865,0.5389145,2.1355107,0.60204256,0.35792333,0.60622793,0.60044765,0.25387874,0.4017712,0.61886245,46826,27554,20385,15078,22867,24731,36359,32636
2004,9,1.2889955,1.1494185,0.90807605,0.7708379,0.841922,0.80138505,0.87499267,0.59631234,1.2712947,0.6797725,0.18882722,0.21172446,0.28110594,0.21821125,0.3813169,0.60633725,48024,30811,25453,23994,25248,25260,36394,32619
2004,10,1.6412762,0.99243146,0.61488277,0.56212366,0.60660857,0.55922264,0.6641671,0.5941867,1.8439668,0.8786879,0.10883207,0.13736403,0.14466676,0.14921471,0.35948923,0.52870953,45875,30744,25449,24014,25322,25310,36342,32527
2004,11,1.4366586,0.8597252,0.41640604,0.3713526,0.5020643,0.38210472,0.4089713,0.5857522,1.8732817,1.109882,0.44037837,0.1836395,0.27418607,0.17425086,0.28208885,0.7987861,6198,16742,21482,22586,24412,24536,30922,15722
2004,12,NaN,NaN,0.41684085,0.33609194,0.38416237,0.54103684,0.32684815,NaN,NaN,NaN,0.8634245,0.26458877,0.57658434,0.70505095,0.21963438,NaN,0,0,8273,12290,9279,8182,735,0
2005,1,0.91257834,0.64670646,0.35943678,0.34919852,0.3422306,0.3805661,0.38378742,0.3942006,0.1308344,0.4299752,0.20275618,0.255385,0.24881272,0.15019041,0.15057018,0.27644262,9,11764,11369,12331,17482,21170,17422,916
2005,2,1.5662345,0.6373934,0.32270238,0.32580334,0.38254702,0.41333726,0.40395823,0.43862495,1.4297678,0.6083312,0.059102423,0.07828344,0.09602637,0.09547144,0.16902529,0.393987,15418,29726,24631,22438,24566,24974,36230,31213
2005,3,1.9441534,0.7711434,0.34626088,0.34559005,0.38948172,0.44378495,0.47216648,0.5359625,2.4405432,0.9381031,0.047717456,0.057203703,0.07472811,0.54446054,0.21944408,0.41080648,31365,30440,25267,23820,25052,25101,36346,32514
2005,4,3.8029644,1.1781366,0.4575831,0.47422192,0.6251228,0.69739515,0.9189817,0.84977406,5.93994,1.0449499,0.17160274,0.2665441,0.390009,0.5489539,0.61391187,0.7400782,36213,30722,25045,23913,25167,25303,36374,32540
2005,5,1.984269,2.0962777,0.540153,0.6533225,0.9339528,1.0859448,1.315941,1.1704644,2.8884692,1.0817091,0.2555011,0.51743925,0.79861313,1.053094,0.90866,0.94715905,46156,28559,25193,21290,23652,24322,36145,32542
2005,6,1.3001,1.0341346,0.65643233,0.3700917,0.5346088,0.73154426,0.9148086,0.7071407,3.324901,0.82880586,0.4312542,0.17531736,0.48121005,0.5220409,0.68056726,0.8032767,47346,28385,15269,16035,20063,21630,36279,32537
2005,7,1.0165799,0.9202617,0.586409,0.575744,0.7683991,0.48310596,0.6658285,0.50476974,2.5450842,0.80258083,0.4281675,0.3463105,0.5206337,0.18928075,0.35992008,0.70880294,47947,30293,10225,9587,16402,21527,36316,32531
2005,8,1.2582018,1.0315988,0.5358346,0.56841576,0.609115,0.6131379,0.6855395,0.54741395,2.0242836,0.75158864,0.3210678,0.42253613,0.3510618,0.30766323,0.46717182,0.7227298,42564,29172,20509,17605,23253,25111,36325,32540
2005,9,1.5020015,1.1993698,0.76043767,0.56594956,0.57654953,0.63942885,0.7753855,0.70424265,1.8852768,0.9985495,0.2777404,0.23289768,0.22140205,0.33058208,0.52470446,0.7148508,46278,30260,25454,24006,25261,25215,36316,32536
2005,10,1.6947473,1.0002986,0.7706069,0.60749316,0.540882,0.52701735,0.6766497,0.7519789,1.6777812,0.88965344,0.2689234,0.23616287,0.23496117,0.20075151,0.44589823,0.5204023,46102,30561,25427,23992,25178,24991,36334,32472
2005,11,2.3002193,0.7683608,0.4979363,0.46531442,0.45009968,0.47289968,0.5363913,0.8102609,2.4671369,0.87089336,0.25966415,0.23920174,0.23461896,0.261326,0.3936163,0.7259663,3986,16042,22679,22776,24070,24038,27375,16175
2005,12,NaN,NaN,0.6656978,0.540022,0.71096957,0.5280967,0.41596752,NaN,NaN,NaN,0.43281925,0.5128199,1.4475764,0.6839916,0.0877676,NaN,0,0,10734,10182,7689,3924,21,0
2006,1,NaN,0.7102195,0.41183686,0.41467646,0.47374624,0.54027355,0.6107027,0.6744624,NaN,0.59448504,0.20698762,0.28567293,0.27169424,0.38070875,0.6104663,0.99124837,0,1164,21418,18659,19637,15688,6441,2748
2006,2,1.6323144,0.6417342,0.35943604,0.35012597,0.34897527,0.4042902,0.49439314,0.5800403,1.5624175,0.42306232,0.07703905,0.1307465,0.08086661,0.14096445,0.19231349,0.50458634,21664,30297,24304,23760,24903,25141,36246,31058
2006,3,3.2037017,0.80282587,0.33623663,0.35305238,0.34335136,0.4102051,0.43767738,0.49676168,5.6634555,1.535502,0.050494604,0.07544285,0.06657052,0.13817026,0.18027012,0.3633724,23626,30151,24214,22205,24421,25233,36364,32529
2006,4,4.7031155,1.1513747,0.35808697,0.43338153,0.5689887,1.5576543,1.1268343,1.2953262,6.4308214,2.2856052,0.05126007,0.33258018,0.5902457,0.9727384,0.80610126,0.9206873,27601,28278,22392,21922,23050,25243,36366,32519
2006,5,2.6285136,1.1593533,0.6982832,0.5928795,0.75139356,1.1987805,0.8720619,0.7266895,3.8074505,1.2157245,0.73486984,0.47328436,0.5811269,0.7737823,0.8468357,0.7170819,45166,30755,25142,23664,25271,25332,36360,32515
2006,6,1.4797059,1.4558022,0.38731587,0.55209833,0.86865133,0.5567957,0.7189074,0.7561275,3.3843353,1.0124017,0.1853322,0.56598854,0.9773295,0.4174571,0.6176153,0.6776454,47887,29761,19037,16596,21915,23288,36223,32261
2006,7,0.9661937,0.83145577,0.49522245,0.3930385,0.45328262,0.56755817,0.692811,0.7556473,2.428329,0.5751315,0.6327511,0.24967825,0.27159873,0.31316182,0.4783952,0.6885799,46753,29455,11396,12762,20391,25131,36004,32405
2006,8,1.1391926,0.9305977,0.7045263,0.78141075,0.6543119,0.8431574,0.8892526,0.7642271,1.935008,0.8977204,0.31060323,0.3090385,0.29355988,0.31599057,0.5168162,0.694454,45416,18718,23431,18205,18033,22751,36266,30571
2006,9,1.2733346,1.1271803,0.75893503,0.68868965,0.5745863,0.66534513,0.869696,0.86291414,1.4092264,0.5567575,0.17498563,0.15316427,0.13422857,0.21342988,0.3804823,0.5831233,44752,30177,25447,23971,25032,25217,36291,32474
2006,10,1.6567653,1.1401397,0.61928463,0.51701236,0.48428673,0.5510958,0.71820885,0.84995705,1.6045429,0.83303267,0.090344936,0.10214994,0.11154425,0.15480241,0.39717424,0.6318799,45930,30587,25449,23883,25212,25269,36155,32470
2006,11,2.6998308,1.1126161,0.5944798,0.49847445,0.5007581,0.570073,0.7360616,0.9837829,2.4778917,1.3895042,0.24185513,0.22844483,0.28631458,0.24182013,0.49947003,1.0511286,6098,16009,20264,18094,21637,23414,33311,29683
2006,12,NaN,NaN,0.8822554,0.6160192,0.6251651,1.1016592,1.9067535,NaN,NaN,NaN,0.8267683,0.6180363,0.8474962,1.215293,1.0952656,NaN,0,0,12275,12646,10494,7954,55,0
2007,1,1.4314455,0.85079664,0.6264397,0.60694355,0.5556983,0.5602049,0.3770837,0.8485306,0.39629734,0.39803898,0.4461417,0.5428372,0.4161036,0.3294881,0.20353831,0.82559496,216,13399,22636,20483,18799,18590,12825,7012
2007,2,1.5709438,0.641661,0.3752348,0.3435797,0.33012354,0.39866424,0.4503618,0.5181708,2.4988768,0.51130396,0.08225861,0.088578746,0.056349088,0.11369003,0.21593288,0.37030885,16801,27809,24353,23864,24638,24786,34696,31555
2007,3,2.2410376,0.87390566,0.35137114,0.3350492,0.34099108,0.41453582,0.40107298,0.45295715,4.7846828,2.232629,0.049153607,0.053911705,0.048753228,0.1363681,0.14432672,0.2958346,16903,29355,22538,21954,25110,24835,36385,32567
2007,4,3.1826954,1.3998147,0.36603725,0.36488652,0.62182266,0.90916926,0.8267768,0.75190574,5.599031,1.4088552,0.05124978,0.114402175,0.5663898,0.71475565,0.7048654,0.5917405,26025,29308,25438,23846,25144,25230,36100,32604
2007,5,1.9937772,1.6109686,0.44414848,0.54797095,0.9447666,1.4811953,1.7612866,0.981131,2.332458,1.2148365,0.2586167,0.4453478,0.84813577,1.1550156,1.1222482,0.8276249,38890,29485,22913,22554,23159,23812,36110,32582
2007,6,1.0685881,1.2327542,0.72123104,0.776796,0.63184637,0.4910862,0.6950018,0.9581977,2.5148458,1.370204,0.58888084,0.7639039,0.56833684,0.3620818,0.57658374,0.7905116,46806,28854,13517,17836,23238,24580,36306,32557
2007,7,0.8522792,0.6784025,0.60219,0.5953968,0.4454853,0.4043763,0.7507896,0.9777671,2.25595,0.49841803,0.4507702,0.40700918,0.3388666,0.2662791,0.5614811,0.82071775,45892,28816,13909,9091,10215,24053,36227,32175
2007,8,1.0474544,1.0493944,0.4198172,0.43312368,0.6950619,0.5445138,0.9218992,1.0237039,1.4889035,0.76864797,0.21898541,0.33891797,0.46169367,0.29432914,0.6075393,0.6144059,46409,24757,17521,13412,19078,25001,36178,32608
2007,9,1.2389001,1.1098946,0.6763303,0.55139214,0.64124066,0.6422975,1.0366931,0.9764725,1.4634383,0.6708966,0.26499432,0.226719,0.24789849,0.26732203,0.6584904,0.6387855,44829,29880,25447,23546,25270,25212,36281,32566
2007,10,1.6089426,0.92087424,0.6724464,0.53071487,0.5883145,0.6742196,1.4258412,0.93609965,1.8498243,0.93036103,0.21199211,0.16837981,0.19994357,0.3488508,1.1935234,0.6182779,47329,30738,25450,24007,25264,25174,36335,32501
2007,11,1.9944409,1.269849,0.7396463,0.6166192,0.7211687,0.8469489,1.6316738,0.97000235,2.5641317,1.2192137,0.32320824,0.33371982,0.4772414,1.0233469,2.1003923,1.5783974,8723,23236,24860,23802,24565,24167,27532,22341
2007,12,NaN,NaN,0.85590106,0.7115964,0.72725105,0.56838715,NaN,NaN,NaN,NaN,0.9736173,0.5883259,0.65323293,1.0554403,NaN,NaN,0,0,11211,13725,11548,7295,0,0
2008,1,NaN,0.66959655,0.6377803,0.54474175,0.46269843,0.59686303,0.6710722,1.0783529,NaN,0.57849514,0.8149477,0.45642695,0.3246472,0.3717963,0.46396,0.90105844,0,10178,22316,22850,24035,22964,14682,8206
2008,2,1.7044837,0.78881466,0.37885696,0.3544546,0.42068204,0.4821357,0.45776922,0.5570023,2.2131345,1.0400513,0.08088046,0.096668854,0.13154125,0.13564892,0.1656007,0.43138814,10482,26605,24411,19531,23739,24744,35018,30051
2008,3,3.8576405,0.5810891,0.36052456,0.3622485,0.38439423,0.3990857,0.41680512,0.46296918,6.2609015,1.1137561,0.042891666,0.06011383,0.06139271,0.07700286,0.16313198,0.33064485,5415,20986,24361,23464,24483,25155,36109,32473
2008,4,1.8334216,1.2843106,0.38340297,0.37859663,0.39092013,0.56375784,0.93170595,0.90945315,2.3634918,1.9984359,0.062247284,0.08880651,0.084461056,0.43753994,0.6527308,0.8637304,12081,27267,19959,21086,23007,24121,36215,32548
2008,5,2.3060112,2.2333999,1.0417043,1.3238219,1.5998693,1.1366934,1.1522146,1.2131724,3.1309671,1.1919554,1.1239014,1.2819698,1.2032738,1.0095036,0.8853921,0.8875787,34678,30137,20971,21289,24175,25212,36320,32577
2008,6,1.6720198,1.5671433,0.58730066,0.6084807,0.7595816,0.9720828,0.92008424,0.9777383,3.3080175,1.1571562,0.3753369,0.66553754,0.7580306,0.9017089,0.7948897,0.7486344,46725,22321,12737,14307,9712,21620,35759,32517
2008,7,0.9593377,0.7157386,0.29885757,0.2936722,0.31535053,0.6668216,0.9016163,0.8292215,2.7059577,0.54590195,0.1637417,0.17533278,0.20146239,0.38638368,0.47574678,0.62825406,47954,30657,18279,20584,22318,23376,36278,31821
2008,8,1.0222195,0.97260916,1.1834285,1.1918293,1.1903667,0.9130461,1.0566959,1.120628,2.0923626,0.85386884,0.40415812,0.6294055,0.6493654,0.2511523,0.35303628,0.4258072,47988,29618,24840,23293,23991,23898,36239,31926
2008,9,1.185731,1.2400656,1.162111,1.0292511,1.2879584,0.8549469,0.85354793,0.94133276,1.4266797,0.6511857,0.39706114,0.41013828,0.6192011,0.23483837,0.4046211,0.521599,47861,30664,25440,23994,25230,24728,36306,32230
2008,10,1.651508,1.1513602,0.9405449,0.8511285,0.84523296,0.7619949,0.7837693,0.8233719,1.9267415,0.6174315,0.28544468,0.2777177,0.3180686,0.26104686,0.41681284,0.50411123,44364,30524,25446,24011,25285,25276,36319,31505
2008,11,1.460678,1.1479983,0.8328309,0.6788903,0.68189305,0.8507282,0.8111379,0.693511,1.2665285,0.79290587,0.4277623,0.3418857,0.40951994,0.450617,0.42576963,0.63686603,11695,21332,23943,23613,24576,25108,32682,20545
2008,12,NaN,NaN,0.7008034,0.9955901,0.68934107,0.68928826,0.46726447,NaN,NaN,NaN,0.7118853,0.739114,0.93151456,0.6499887,0.28504437,NaN,0,0,6106,8438,7396,3729,15,0
2009,1,NaN,0.78303355,0.67167795,0.5474323,0.47999048,0.49264595,0.5568855,2.6013105,NaN,0.5233799,0.8644124,0.35429034,0.32158282,0.21271804,0.3050879,3.2177,0,2276,18651,18316,15330,21359,9943,1690
2009,2,2.7058198,1.3559958,0.42505443,0.36454496,0.36582965,0.40524158,0.42115855,0.577659,8.251577,3.4540753,0.20061532,0.11611178,0.10041688,0.10305354,0.13290939,0.37672082,14261,25905,18243,21925,24833,25259,36256,32472
2009,3,2.9440875,1.008443,0.32437083,0.3360036,0.33432347,0.40875593,0.3717448,0.43603674,6.3112707,1.9155257,0.056720268,0.050114743,0.039503336,0.112912074,0.19458395,0.27163327,22915,28970,23414,23169,24966,25235,36305,32472
2009,4,2.5336537,1.1145452,0.3334789,0.31766108,0.3789099,0.63907075,0.47915003,0.6389964,4.19332,3.0098062,0.031143613,0.038003493,0.16064107,0.43127614,0.3417324,0.75131863,12991,26559,25396,23909,25246,25281,36202,32558
2009,5,2.3270445,2.0043223,0.5336663,0.7874391,1.1464636,1.7575041,1.3285426,1.3930594,3.115878,1.1555061,0.49036604,0.84110427,0.9662387,1.0145613,1.0099144,1.0793444,43497,30760,23391,23239,25228,25334,36372,32522
2009,6,1.5305183,1.5144378,1.9447399,2.1302736,0.7301874,0.91258574,0.7647741,0.8008632,3.0635371,1.1819977,1.4148977,2.0595944,0.7247882,0.7998429,0.5147376,0.7363633,47948,30135,21511,20444,22474,24116,36268,32513
2009,7,1.0188382,0.7818297,0.40428245,0.33746415,0.39300144,0.54599094,0.7090535,0.81809145,2.062587,0.62482506,0.31015328,0.15273644,0.21776238,0.38468826,0.39690632,0.61136913,37274,23193,24259,13866,12906,18271,32764,30855
2009,8,1.0106003,1.0437078,0.39962322,0.4584708,0.5192787,0.50875425,0.79726166,0.8093173,1.9027865,0.8703042,0.27100313,0.28593108,0.3696145,0.2762628,0.4965022,0.54938084,47960,30172,22112,23698,24529,24931,36317,32313
2009,9,1.3299892,1.1229032,0.6153713,0.57571536,0.54323786,0.520359,0.74648356,0.79270214,1.5035197,0.82993835,0.40214342,0.4169906,0.29508525,0.23656079,0.4457928,0.53186816,47879,30463,25241,23386,24964,25095,36278,32487
2009,10,1.6169301,1.0602628,0.5903999,0.5141268,0.5315286,0.5556349,0.7080849,0.88480955,1.8900453,0.5671628,0.19190364,0.25534284,0.21690664,0.29034087,0.43296248,0.66070104,46013,30659,25420,24001,25293,25247,36019,32201
2009,11,2.6088033,1.1958964,0.6808096,0.69446623,0.77670944,0.771262,0.8965855,1.0242853,2.0572379,1.1689773,0.4353112,0.69799197,0.7202146,0.81299305,0.6625021,1.2143658,3385,8381,22652,19848,20806,20302,21196,15463
2009,12,NaN,NaN,1.7865825,1.1172701,1.2110969,1.2471691,1.679413,NaN,NaN,NaN,1.8772405,0.9774055,1.4033836,1.4606051,1.2853181,NaN,0,0,9296,10298,7980,6031,147,0
2010,1,NaN,1.1806992,0.86138123,0.5887644,0.7068327,0.8841021,1.0247061,1.8515817,NaN,0.8353984,0.722642,0.6433992,0.96564513,0.5839345,1.3747611,3.826751,0,2899,20121,15721,14009,19804,7675,1464
2010,2,1.8736248,0.7008355,0.3944856,0.3443687,0.3748239,0.48023215,0.5200875,0.67193365,2.6648116,0.7514192,0.08763193,0.09286784,0.12263127,0.19626626,0.23498414,0.53314126,4030,22747,24794,23125,24529,24879,31993,31255
2010,3,2.466584,1.2196577,0.34997845,0.33334753,0.35364798,0.4373257,0.44689974,0.48246357,4.5003324,3.5654068,0.048502088,0.053946868,0.05808864,0.0872812,0.14865465,0.35946593,13279,23188,25381,23932,25259,25296,35904,32409
2010,4,3.5250099,1.9894687,0.41885096,0.5290047,0.49741018,0.5495161,0.64861584,0.6685456,5.1781645,2.781575,0.15670349,0.36895072,0.28073043,0.34617206,0.4883124,0.6431772,15704,29335,25256,23943,25243,25292,36362,32561
2010,5,2.1480837,2.2024074,0.6268373,1.1273981,1.1466655,1.2138515,1.0556031,1.0941103,3.1901753,1.0217052,0.48782414,1.0491743,0.8920041,0.9198118,0.68959963,0.8856332,44634,30739,24467,21989,25035,25298,36364,32575
2010,6,1.2779995,1.7668492,0.40513402,0.7407894,1.2329417,0.85601723,0.8918439,0.74479836,3.2697062,1.3329551,0.09443244,0.9188826,1.1263783,0.7604352,0.6725842,0.7100991,47090,30208,22504,17756,20253,24566,35895,32548
2010,7,0.83596486,0.57623017,0.4073987,0.33944792,0.32546487,0.52995145,0.7972648,0.7327,2.212768,0.58672154,0.2646343,0.16319248,0.19631717,0.46085754,0.61613125,0.6279234,47667,27285,15274,11260,18244,22399,34044,29790
2010,8,1.0416676,1.0116593,0.7134823,0.61216545,0.6314406,0.5857137,0.86930335,0.7147055,1.8468795,0.88345116,0.2419351,0.36831415,0.42210293,0.38957798,0.51552093,0.56709075,46049,28307,22656,18384,20317,22261,36145,32415
2010,9,1.3904784,1.1922709,0.919788,0.6655363,0.76378614,0.76463616,0.8709407,0.82385385,1.5753001,0.74569803,0.22236462,0.17925832,0.23355682,0.2808688,0.39085355,0.8962667,47593,30671,25414,23626,24953,25088,36334,32544
2010,10,1.9095623,1.3870527,1.0153068,0.84822965,0.83042234,0.7158725,1.0049886,1.046438,1.7933854,0.83111644,0.24803439,0.28000814,0.31673026,0.310909,0.52677536,0.61637187,39157,28127,25445,23970,25159,25048,36235,32348
2010,11,2.3129656,1.6167547,0.9432615,1.017099,1.0482767,0.84533477,0.9160013,1.1604942,1.6475804,1.2941674,0.5436094,0.6308674,0.61171734,0.5538989,0.665841,1.2981553,3359,18928,22205,23086,23757,24863,26539,14010
2010,12,NaN,NaN,0.8851259,1.478831,2.290966,2.2576675,2.2193396,NaN,NaN,NaN,0.8089482,1.1602596,2.550581,1.9129375,1.4934587,NaN,0,0,7867,6597,11240,4696,200,0
2011,1,1.4769763,1.2025706,1.0745745,0.9120893,0.8294842,0.92227465,1.050267,1.432027,0.27729318,0.60578823,1.0349967,0.907024,0.7042348,0.5925739,0.8854273,1.9614179,21,11432,23005,20200,20235,22162,6941,5008
2011,2,6.193206,1.0280875,0.5066034,0.4164924,0.5313507,0.48745373,0.57851416,0.7835952,10.378204,1.2748256,0.29407176,0.25041023,0.30048123,0.13950087,0.20386565,0.41736838,17087,28788,22225,20393,22958,24780,36349,31337
2011,3,8.53891,1.2660502,0.36129776,0.36600354,0.40228868,0.44739679,0.54925925,0.54127324,11.892361,2.401394,0.043704703,0.054299667,0.05260758,0.16302049,0.26040483,0.28622812,29066,30052,25376,23886,25265,25316,36381,32495
2011,4,3.2194467,1.6084648,0.3563861,0.42753193,0.576814,0.9269786,1.5202183,0.72159624,4.6708612,2.9731834,0.065198936,0.27979508,0.5051544,0.8071052,1.1104866,0.65075076,26272,30521,24834,23136,24350,25170,36369,32519
2011,5,1.8570949,1.9386663,0.658435,0.63113964,0.92580146,1.0593393,1.1909118,0.8609903,1.829087,1.3104858,0.6882577,0.60879993,0.9716037,1.0935773,0.9201513,0.78928566,46269,28449,19384,22633,22492,24610,36356,32518
2011,6,1.3827114,1.7101604,1.2529315,0.85121816,0.7529472,0.72088385,1.0013313,0.9567708,3.2322876,1.3610436,1.0457942,0.7058776,0.6973954,0.48513064,0.739786,0.71535283,43140,22911,17565,15523,10578,18909,34938,31891
2011,7,1.0899562,0.8447193,0.7686531,0.52832115,0.5284839,0.7495786,0.84455585,0.771071,3.0877101,0.64965,0.70604736,0.37502286,0.38400757,0.46092957,0.49656612,0.65653354,44392,23180,17649,15905,20474,15522,35791,32524
2011,8,1.1318012,0.9489261,0.6213439,0.54902494,0.6377654,0.61376846,0.9895903,0.81720775,1.9580106,0.63501686,0.24745186,0.35717696,0.36275536,0.19489513,0.44779938,0.69265974,47937,30740,25378,23959,25026,24407,36292,32501
2011,9,1.6192511,1.0930939,0.8828808,0.7364148,0.6027955,0.6304894,0.99861646,0.9478057,1.7156831,0.6747584,0.36484084,0.4658404,0.21681729,0.228341,0.5776485,0.6704031,46880,29428,25452,24016,25298,24914,36212,32466
2011,10,1.8718071,1.0302054,0.8399613,0.6029527,0.52025104,0.6764981,0.8922186,0.9183832,2.002819,0.9626646,0.30636388,0.23240867,0.14863136,0.3250042,0.5598673,0.62766373,46701,30297,25036,23976,25246,25098,36266,32161
2011,11,2.033796,1.4193745,1.1256152,1.0236616,0.82969004,1.0478874,0.8791111,1.4365364,2.6327288,1.5867617,0.6784985,0.8157102,1.6424382,0.9858623,0.9124895,2.6882892,9593,18428,22596,20011,22460,20982,28365,13410
2011,12,NaN,NaN,1.7419066,1.3618342,1.3409417,1.6485524,0.17113431,NaN,NaN,NaN,1.9724927,1.561124,1.4998713,1.2363684,0.019978933,NaN,0,0,11403,11609,10972,6501,92,0
2012,1,NaN,1.1161256,0.9725982,0.85366076,1.0725217,0.99118894,1.2607878,0.9351209,NaN,0.6374554,0.8873455,0.6033779,0.87436026,0.61794215,0.8416501,0.8995148,0,1739,16326,14363,16359,14770,7199,514
2012,2,1.3448666,0.6940214,0.43956086,0.4213651,0.40946913,0.4400222,0.4972984,0.6042203,2.1993823,0.5273857,0.123162076,0.1345539,0.09539223,0.09417835,0.20864937,0.42305654,3189,24299,25333,23860,25113,25068,36109,31314
2012,3,1.2543063,0.49660882,0.35557774,0.3424266,0.35577503,0.4092041,0.41530937,0.48905966,2.3884728,0.6611299,0.04358246,0.0466957,0.054410104,0.09908453,0.13419619,0.25701162,2696,16193,25387,23755,24130,24312,34192,32443
2012,4,1.8763134,1.4491025,0.39283156,0.36653563,0.39519393,0.46814886,0.75777954,1.0333316,0.99838644,1.1425462,0.10231816,0.12970376,0.15087092,0.32964587,0.6953813,0.90241337,9533,20393,23698,21235,22503,23143,36042,32401
2012,5,2.0639768,1.7809626,0.6306964,0.8652203,1.285139,1.5413629,1.7367194,1.1783602,1.3147694,0.910687,0.4954741,1.0039333,1.0020057,1.2328191,1.1800311,1.1231095,27194,23663,14914,11251,11614,20465,34198,27861
2012,6,1.0585611,1.4862126,0.41337827,0.46099883,1.3277521,1.189269,1.0576965,0.88597816,1.6460036,0.934022,0.16079177,0.3654775,1.0194234,1.0242447,0.7487943,0.83069545,46687,30630,5232,6369,20717,24406,35587,31370
2012,7,0.7717698,0.57391375,0.39349306,0.3497379,0.4857507,0.48382947,0.68861204,1.0307014,1.1986462,0.56636024,0.19869487,0.116615675,0.39037707,0.33973336,0.5554675,0.7943692,46457,26817,4142,6135,12806,18802,33563,27041
2012,8,0.88445324,0.8788858,0.72574717,0.6613949,0.68924916,0.49924666,0.86084306,1.0954235,1.1042385,0.62488997,0.34063897,0.4706127,0.56160104,0.36015448,0.5841872,0.7287924,47423,30257,25014,16246,20185,20462,35635,32042
2012,9,1.27215,1.2546206,1.0163567,0.70681083,0.89398795,0.869407,1.0069795,1.1091166,1.2389194,0.664338,0.33905888,0.3107719,0.54342675,0.48092934,0.55446404,0.55785567,45612,29886,25390,22604,22705,23473,35507,31036
2012,10,2.3332329,1.6308615,1.0139573,0.59540987,0.94878936,0.940946,1.3202751,1.540385,1.7701682,0.8808489,0.3110468,0.25755045,0.5281824,0.55604345,0.8561259,0.96772975,45204,29254,25218,20332,20838,21810,34317,31169
2012,11,3.100542,3.0237405,1.5561266,1.1667933,1.6271783,1.7799819,1.8127779,2.444757,1.4779593,2.4689286,0.91472095,0.7284737,0.78155565,1.0591028,1.0738072,2.2085087,789,2637,19937,16871,14689,15035,11694,5906
2012,12,NaN,NaN,1.8984407,1.0941298,1.8545924,2.4200404,1.8441741,NaN,NaN,NaN,1.460722,0.91919875,1.7202955,1.7150487,0.09664452,NaN,0,0,7808,5354,9483,8154,5,0
2013,1,1.4604851,1.002683,0.9546042,0.7642034,0.70450747,1.1039915,0.91350836,1.563933,0.27084944,0.5792222,0.74098355,0.58418363,0.5159087,0.86976105,0.7424599,0.58282644,65,4400,16402,18849,20896,12669,1181,93
2013,2,0.6984391,0.5902241,0.44042543,0.38404113,0.40560082,0.39367622,0.47426325,0.811934,0.3383888,0.46215925,0.16002473,0.11531168,0.09364637,0.10454579,0.20877883,0.62772316,2810,20672,19961,19490,20062,19925,31404,15149
2013,3,0.76742095,0.59687006,0.34747073,0.3365792,0.38072464,0.41180974,0.42689142,0.50216705,0.837504,0.46405187,0.055173136,0.0545873,0.05088968,0.08308613,0.116155975,0.3025996,5993,25737,20828,23269,24938,24630,35647,31510
2013,4,1.4788069,1.0755564,0.37504464,0.4096184,0.7423495,0.73635465,0.90761286,0.8225295,1.0377202,0.82564235,0.07940084,0.23129836,0.52560335,0.79672664,0.59365577,0.73042125,15862,29100,21760,22847,25086,24865,35707,32045
2013,5,1.7240397,1.7933309,0.6603371,0.6653342,1.2024083,1.1228087,1.2996565,1.0616438,1.1283337,0.78863263,0.45239705,0.6273335,0.8197343,0.9768837,0.776031,0.8339699,37838,30017,16443,12696,13789,18176,35495,31659
2013,6,1.1466709,1.1277407,1.2761701,0.66566503,0.77613807,0.69145685,1.2318316,1.0079931,1.3556216,0.78860533,0.77738315,0.43667758,0.49613032,0.43170673,0.8804859,0.64396465,36317,19760,11108,8008,16592,16588,30846,31945
2013,7,0.84814715,0.81773734,0.6335286,0.4393077,0.5909448,0.6505811,0.75136775,1.0205135,1.1835244,0.6917418,0.34548008,0.18563153,0.40323883,0.28309488,0.37831956,0.4673196,36457,14577,16424,10942,12747,17574,35314,27245
2013,8,0.9284202,0.9128582,0.39544684,0.48581865,0.72016543,0.72262347,0.8980341,0.89647686,1.028351,0.5272824,0.2500962,0.28796157,0.35063505,0.24686259,0.38097355,0.41317028,37761,22194,19740,21029,19516,22831,35268,30708
2013,9,1.2182643,1.0118378,0.5472146,0.5356602,0.64844304,0.68192637,0.9368764,1.0162361,1.1714959,0.5157973,0.25047654,0.26370496,0.24163033,0.19515003,0.51649624,0.4380057,46275,29544,25417,23888,25125,24436,35492,31659
2013,10,1.6604075,1.1118766,0.6169011,0.58354855,0.6133461,0.5584228,0.93496877,0.8597666,1.4998415,0.5884038,0.20139648,0.24007227,0.2414454,0.18478568,1.0250552,0.46064392,39557,28772,24900,23057,23425,24499,35400,29630
2013,11,2.792679,1.8207643,0.7226222,0.9085364,1.0847224,1.4364887,1.3658512,1.428162,1.9137417,1.4067823,0.6530285,0.8449747,1.5505518,1.2610592,1.3250556,1.3549359,2551,5670,12196,11068,11751,15769,19166,16996
2013,12,NaN,NaN,1.7108891,1.4030117,1.9388607,0.88921225,1.0076882,NaN,NaN,NaN,1.3382267,1.1134888,1.4330789,1.2562048,0.36616763,NaN,0,0,7457,10881,6532,2143,7,0
2014,1,1.8300794,1.3807812,1.8014847,1.3335487,1.2806431,1.5938048,1.3791007,1.959889,0.08379389,0.9691802,1.885005,1.0788752,1.2087802,1.8363918,0.68971175,1.4112247,3,6111,21889,20754,20793,14434,5172,13694
2014,2,2.0564873,0.974388,0.4868957,0.49788615,0.49899623,0.5410005,0.61618453,1.0524198,1.4668635,0.5285665,0.12801239,0.13380311,0.13662082,0.2012338,0.28925917,0.6710997,22475,29165,24145,22887,23793,23947,33128,31161
2014,3,1.4706562,0.74026906,0.42900777,0.44381228,0.44829378,0.45012927,0.4450797,0.6065018,1.3905212,0.434603,0.078750975,0.09069081,0.075074255,0.11903833,0.14697511,0.40802178,17827,29651,23674,23331,24779,24566,34960,32056
2014,4,2.0564346,1.321425,0.48915735,0.5677371,0.5039376,0.5553628,0.54868126,0.9556646,1.4856653,1.1349852,0.16902496,0.2789561,0.1872897,0.3268387,0.40657985,0.9170001,29285,25331,22282,22400,24337,24196,35592,32026
2014,5,1.7296591,1.6812049,0.48837447,0.7853896,0.81173044,0.96227336,1.1667116,1.5282845,1.4485179,0.9439775,0.1864534,0.5797896,0.6576373,0.77281684,0.9243959,0.98708236,33593,27507,7207,15027,17169,24437,35737,32048
2014,6,1.0013301,1.2899712,0.5328171,0.5534645,0.63336,1.0195845,1.0001547,0.84492207,1.3732765,0.7607453,0.17735179,0.33720085,0.48953027,0.5590514,0.55534095,0.63401556,47479,29983,11445,11624,16245,16228,35430,31567
2014,7,0.89627117,0.86128193,0.51740843,0.65216225,0.8404316,0.7456224,0.95890236,0.73712194,1.2778729,0.79573935,0.28575882,0.5701491,0.4716858,0.25682855,0.36266205,0.40462315,46150,27642,14106,5484,11460,20423,35674,31148
2014,8,1.1123397,0.95276564,0.6771832,0.91527796,0.8295801,0.80329263,0.91263324,0.61452895,1.1830356,0.5273042,0.26762655,0.4198782,0.28079498,0.20847528,0.35303473,0.3868576,45482,29002,19744,15038,20198,23139,35532,30782
2014,9,1.3478432,1.3179053,0.99787945,1.0150381,0.8648656,0.6654796,0.8416522,0.7462913,1.2123319,0.676741,0.4168611,0.39037928,0.29424465,0.25545508,0.39989755,0.39435518,46277,30366,25387,22855,24844,23647,35688,31392
2014,10,1.6894169,1.1048828,0.94640386,0.87378675,0.6273423,0.5239686,0.7204557,0.84756917,1.5253184,0.5458963,0.44071883,0.38903186,0.25110516,0.19494069,0.39771092,0.45235783,38756,28913,25074,23025,23259,22320,34921,32010
2014,11,2.9492009,1.3577918,0.9652244,1.062355,0.8384622,0.82564086,0.8635408,1.433444,1.6425484,0.95924103,0.78653413,0.6862635,0.62477463,0.5922863,0.68717855,1.1998212,2775,13527,16079,19137,20569,20179,19479,15328
2014,12,NaN,NaN,1.5222895,1.2288989,1.9856802,1.8645648,NaN,NaN,NaN,NaN,2.109047,2.0819335,3.4345794,1.4772933,NaN,NaN,0,0,7718,8025,8953,4606,0,0
2015,1,1.1977726,1.0823238,1.1705787,1.2661228,1.726208,1.4212271,1.4435356,1.3552293,0.48828787,0.54418343,0.9926015,0.85433286,0.9676244,0.8933467,0.79357135,1.5454724,267,15142,12393,13949,11822,11985,5566,7933
2015,2,1.5959618,0.89314806,0.4526324,0.46947905,0.49858287,0.610464,0.63355196,0.93962395,1.1985874,0.46171984,0.14018808,0.14492916,0.14236932,0.19853213,0.2770452,0.53728247,17146,26151,19569,18419,18320,23098,35068,31451
2015,3,1.3705312,0.82812387,0.43879148,0.4425586,0.42905408,0.4413934,0.46701768,0.62130797,1.2197237,0.5979519,0.09774252,0.10613225,0.08499842,0.09702857,0.12994121,0.31310228,18167,24625,24016,19700,21940,20884,34128,32002
2015,4,2.2600956,1.040845,0.459985,0.4929074,0.5175118,0.5794541,0.5194924,0.61999035,1.4802334,0.9628938,0.14539024,0.1795909,0.24007154,0.3072108,0.23470728,0.51930153,18802,27681,20132,19322,23275,23817,35294,31987
2015,5,1.6531384,1.6530921,0.6126156,0.76225877,0.6669897,0.8899764,0.86468816,0.95310163,1.0446826,1.185381,0.35273692,0.5598944,0.40414074,0.83303255,0.5460253,0.71912897,42856,29260,15255,17403,22776,23704,32840,32060
2015,6,1.1317784,1.4322777,0.6477866,0.7604222,1.0985655,0.7914252,0.9626586,0.8109662,1.3444792,1.1616198,0.61723495,0.59900427,0.8947264,0.59557116,0.5145142,0.5364148,47566,30660,13939,10663,19410,23654,34741,31994
2015,7,0.8886394,0.93723017,0.4703674,0.42195433,0.48263755,0.6136457,0.633241,0.49337292,1.0221049,0.73992234,0.22186416,0.14004189,0.25239438,0.40664825,0.31350893,0.3807039,32278,18994,10011,9880,5900,12892,34801,31431
2015,8,1.0611926,0.90440893,0.5677875,0.566234,0.5097602,0.49438518,0.6413097,0.45565003,1.1202667,0.68409884,0.27188283,0.21980192,0.28493354,0.20399246,0.3307376,0.36816928,46167,25570,17994,13783,23138,24095,35711,32029
2015,9,1.2424831,0.95738226,0.595825,0.5766146,0.5446158,0.6150597,0.6783671,0.669661,1.0737817,0.7223223,0.20143847,0.17170043,0.16210173,0.2212476,0.27602014,0.31027535,43175,26546,24136,22779,24437,24186,35511,32035
2015,10,1.5355003,0.8143291,0.60732806,0.5380338,0.5329275,0.47570142,0.55134034,0.8026749,1.3353925,0.5312363,0.15815644,0.13467675,0.14591542,0.16975422,0.25108847,0.38937977,34763,28546,25257,23732,24722,24140,34531,31944
2015,11,1.8370601,0.8572715,0.48772243,0.46928862,0.48281455,0.56151533,0.5957003,0.94527847,0.8168038,0.7318675,0.28529376,0.22721118,0.2888483,0.5972586,0.48902056,1.140699,1931,12126,17937,20297,19072,18962,13838,6615
2015,12,NaN,NaN,0.5745027,0.70515686,0.68288183,1.0057584,1.1517398,NaN,NaN,NaN,0.7710655,1.7404001,0.9643117,2.1266303,0.4784906,NaN,0,0,4768,5642,8855,4874,13,0
2016,1,NaN,1.0470008,0.82992166,0.75775254,0.6431857,0.685185,0.7111947,1.0675712,NaN,0.7580016,1.6644478,1.2404842,0.46963507,1.4214246,0.6052555,1.9906688,0,5597,13412,14676,17915,16072,10664,3302
2016,2,1.9735764,0.82455105,0.44015086,0.4236936,0.4404091,0.42721346,0.47599196,0.54620737,1.330163,0.5469325,0.21346365,0.2437312,0.17242166,0.11750693,0.1964627,0.39990553,14548,25015,16805,19439,23912,21854,32405,30443
2016,3,1.5976276,0.714584,0.40984818,0.4053438,0.41361216,0.44508708,0.4660362,0.5436672,1.3310467,0.5676699,0.100938365,0.11687139,0.102182664,0.11869982,0.16621107,0.3345412,24296,27827,21994,19468,21312,24711,35446,32007
2016,4,1.622078,1.171105,0.39698842,0.41879752,0.4679827,0.6296804,0.5675382,0.64691216,1.2424668,0.87373555,0.073484,0.17300428,0.2244624,0.46894252,0.29928923,0.49368826,31061,28427,22372,22368,24344,24525,35164,31869
2016,5,1.3906195,1.4484148,0.44143224,0.5006478,0.4652686,0.5796491,0.6234623,0.8302969,1.389266,0.93055934,0.13144994,0.33691284,0.19409718,0.41801655,0.44446126,0.67464334,46091,29935,23177,16684,20673,22914,33729,32045
2016,6,1.0765765,1.2527784,0.43834224,0.39430088,0.5973101,0.722494,0.66346496,0.75282574,1.3904321,0.85763884,0.24677151,0.14370964,0.5833203,0.6209647,0.5233745,0.5273936,47622,29693,15656,16661,22253,20516,35220,31620
2016,7,0.87071514,0.7963606,0.7530103,0.46892187,0.5591656,0.51887685,0.5580613,0.53974664,1.2194737,0.45356068,0.40346622,0.3278357,0.34537596,0.29388386,0.3386387,0.38626412,46935,27710,7727,5026,10544,21166,35678,31131
2016,8,1.1351672,1.0946786,0.82946014,0.76202035,0.8046132,0.68733436,0.7058853,0.53914297,1.1956217,0.655032,0.37596995,0.40567783,0.47826588,0.28206405,0.3703136,0.4056916,45343,26494,18419,21695,20949,18955,35577,30564
2016,9,1.2447156,1.062502,0.8895893,0.72586215,0.8291445,0.72586024,0.7088986,0.73419654,1.1778413,0.48194942,0.27996507,0.27496722,0.36752686,0.31011334,0.35866335,0.38852188,46287,29597,25217,23715,24810,23862,35784,32068
2016,10,1.5727346,1.006966,0.82713056,0.6040738,0.62355584,0.524235,0.68808866,0.8901357,1.6402138,0.64198285,0.24870867,0.21377517,0.3226078,0.20488757,0.5205847,0.5302501,45229,28699,25179,23514,24279,23155,35812,32106
2016,11,1.6771592,1.3284754,0.6258771,0.5535583,0.5155208,0.50858605,1.1177759,1.3413197,1.5612181,1.9566563,0.5943412,0.8885807,0.72589743,0.81481403,1.9689059,2.7575421,2805,15706,20282,19964,19199,20643,21136,12290
2016,12,NaN,NaN,0.7922941,0.34963253,0.3950668,0.6539446,0.5734562,NaN,NaN,NaN,1.1498221,0.44033754,0.7901599,1.2052815,0.7419498,NaN,0,0,4144,9571,7597,3384,103,0
2017,1,0.8788271,0.8614317,0.58263075,0.5043691,0.60080886,0.4440365,0.5394226,0.81536573,0.11005801,0.88613796,0.7086439,0.6009479,0.57732576,0.99368477,2.3890774,3.2136095,112,9532,17439,17098,17678,20805,10997,4523
2017,2,1.2379626,0.64333016,0.35128412,0.33037725,0.3133785,0.34073,0.4466236,0.5268615,0.83231527,0.38700342,0.087492116,0.0941202,0.07059619,0.09777681,0.13130021,0.26440108,13066,27483,22445,21225,20092,23261,34774,32050
2017,3,0.7597647,0.7586186,0.32295272,0.34221172,0.3687872,0.44874147,0.40558955,0.4093731,0.5636722,0.5132755,0.056034226,0.06704772,0.06812786,0.3040136,0.16252835,0.16518812,15848,28740,20399,22663,20236,23667,35823,31920
2017,4,1.4864845,1.367813,0.3685926,0.46818143,0.5753864,0.7804466,1.1785434,0.81152433,1.0687374,1.0839813,0.10678763,0.27982342,0.4430671,0.768403,1.0650717,0.6845376,28655,29357,23901,23399,24556,24188,34584,32021
2017,5,1.7464465,1.2686149,0.89786136,0.8034099,0.44464138,0.8569166,0.65038234,0.61829615,1.6596103,1.0827948,0.71570915,0.819815,0.21187168,0.8667315,0.44692543,0.40205705,45422,26837,22514,20200,23300,22671,35783,31966
2017,6,1.1872038,0.684938,0.36601806,0.44876465,0.47184876,0.4142446,0.6062593,0.7175243,1.765754,0.62796754,0.14914443,0.21638422,0.30848524,0.220348,0.38745075,0.447882,47163,30231,17827,15795,16835,23871,35634,31817
2017,7,0.7210282,0.53231376,0.6739121,0.5765928,0.58008736,0.41282853,0.5006603,0.5417328,1.0576183,0.40797952,0.48723283,0.40816307,0.33677402,0.18146256,0.24037814,0.2954331,45741,14127,17165,9990,6148,17828,35278,30239
2017,8,0.9839011,0.6481024,0.6110687,0.54012924,0.5733165,0.46207157,0.6579743,0.5820723,1.1143014,0.41186148,0.51438487,0.4417319,0.2927269,0.16569059,0.3279222,0.39250877,47235,29593,20630,19059,23021,24266,34861,30200
2017,9,1.1176069,0.69073546,0.6306022,0.47604102,0.5426513,0.4873025,0.6325312,0.6837223,1.2306957,0.6551795,0.28686252,0.22143728,0.19109276,0.19897412,0.31001693,0.29300684,47087,30568,25188,23695,24020,21967,35258,31893
2017,10,1.4245546,0.80233663,0.55276346,0.4305547,0.4080747,0.39640206,0.4911218,0.6569601,1.5747987,1.1257633,0.15655743,0.11455569,0.1086007,0.13193004,0.23519927,0.41760266,43494,29899,25240,23589,24934,24147,35648,31187
2017,11,1.9430104,0.9005307,0.36579627,0.3677655,0.2339742,0.41864276,0.47067946,0.7107147,1.9209008,1.4595002,0.21656351,0.95010376,0.22395107,0.57054776,0.4775499,0.84868556,2860,8448,22255,19627,15251,19097,32163,27973
2017,12,NaN,NaN,1.1103507,0.71816397,0.970165,0.7659858,NaN,NaN,NaN,NaN,2.471057,1.2750031,2.3993225,1.1551573,NaN,NaN,0,0,3267,8882,8019,5016,0,0
2018,1,1.170553,1.204236,0.86607766,0.6813519,0.7367593,0.8287726,0.72693473,1.0498452,0.30906537,0.6871233,1.512127,1.1323993,1.0775156,0.9256897,0.6840284,2.2113764,283,3951,11096,11073,13085,18598,15078,9728
2018,2,2.4154832,0.94206566,0.36180496,0.3256994,0.338203,0.37152398,0.42696807,0.47224596,1.3542401,0.69974625,0.13139479,0.10033848,0.12444313,0.10494522,0.17551586,0.39717123,20002,24003,23226,22583,23195,24174,35052,31549
2018,3,2.0728834,0.7520959,0.32950452,0.33171448,0.33045366,0.4110747,0.5091647,0.517987,1.4696193,0.58945274,0.056105036,0.057988748,0.06586057,0.19588853,0.24184467,0.22896115,35873,30570,22855,23217,23514,23475,35751,32026
2018,4,1.7852827,0.7931902,0.31307393,0.30483642,0.36411816,1.067644,1.2478036,0.828345,1.41136,0.577198,0.048507154,0.073856235,0.24606529,1.3827558,1.0118176,0.5972915,47107,29060,17422,17433,23671,23120,35471,32006
2018,5,1.4794682,1.1584253,0.35804757,0.33284688,0.4050816,0.54048157,0.5308095,0.6044058,1.3566765,0.9474425,0.06485515,0.0764116,0.30108994,0.45628646,0.39946806,0.4700524,43442,26797,21264,20696,23280,24050,35429,30600
2018,6,1.5739427,1.2581596,0.44435498,0.40492445,0.35595348,0.435757,0.4909884,0.63050807,1.5708654,0.94830626,0.114882536,0.110765405,0.16039711,0.24150383,0.32245606,0.45268223,47559,28342,22041,21552,6835,17969,34486,31687
