Year,Month,est_PDO,real_PDO
1900,Jan,0.776092118,0.04
1900,Feb,0.330513214,1.32
1900,Mar,0.695067302,0.49
1900,Apr,1.72758212,0.35
1900,May,1.416465139,0.77
1900,Jun,0.969128834,0.65
1900,Jul,0.87389933,0.95
1900,Aug,1.120445611,0.14
1900,Sep,-0.167146569,-0.24
1900,Oct,0.243309823,0.23
1900,Nov,0.511144614,-0.44
1900,Dec,0.668167101,1.19
1901,Jan,1.037900849,0.79
1901,Feb,0.588559429,-0.12
1901,Mar,-0.373656521,0.35
1901,Apr,-0.497658198,0.61
1901,May,-0.873128887,-0.42
1901,Jun,-0.98269013,-0.05
1901,Jul,-1.336779401,-0.6
1901,Aug,-0.377758733,-1.2
1901,Sep,0.250927616,-0.33
1901,Oct,0.578755552,0.16
1901,Nov,-0.021017798,-0.6
1901,Dec,0.430105821,-0.14
1902,Jan,1.085352925,0.82
1902,Feb,0.520956436,1.58
1902,Mar,0.587051764,0.48
1902,Apr,0.728079636,1.37
1902,May,1.130500863,1.09
1902,Jun,1.926259804,0.52
1902,Jul,2.720962286,1.58
1902,Aug,1.505389022,1.57
1902,Sep,0.762361651,0.44
1902,Oct,0.96746442,0.7
1902,Nov,0.728244309,0.16
1902,Dec,0.689837823,-1.1
1903,Jan,0.154845247,0.86
1903,Feb,0.120410973,-0.24
1903,Mar,-0.084506832,-0.22
1903,Apr,-0.920607198,-0.5
1903,May,-0.490933448,0.43
1903,Jun,-0.339542514,0.23
1903,Jul,0.956114518,0.4
1903,Aug,0.985946516,1.01
1903,Sep,0.556834757,-0.24
1903,Oct,0.656869475,0.18
1903,Nov,-0.122272469,0.08
1903,Dec,0.260162483,-0.03
1904,Jan,1.306269063,0.63
1904,Feb,0.611901555,-0.91
1904,Mar,0.711846415,-0.71
1904,Apr,0.274302325,-0.07
1904,May,0.426839004,-0.22
1904,Jun,0.025623628,-1.53
1904,Jul,-0.023881338,-1.58
1904,Aug,1.412328506,-0.64
1904,Sep,2.05675066,0.06
1904,Oct,1.85262801,0.43
1904,Nov,1.646704825,1.45
1904,Dec,2.738127028,0.06
1905,Jan,2.595905077,0.73
1905,Feb,1.299182255,0.91
1905,Mar,0.773970922,1.31
1905,Apr,1.598097934,1.59
1905,May,1.194644893,-0.07
1905,Jun,1.398779879,0.69
1905,Jul,2.094396304,0.85
1905,Aug,2.06537005,1.26
1905,Sep,1.857615107,-0.03
1905,Oct,-0.498613551,-0.15
1905,Nov,0.791911323,1.11
1905,Dec,-1.187520007,-0.5
1906,Jan,0.933264383,0.92
1906,Feb,1.216470421,1.18
1906,Mar,0.602504552,0.83
1906,Apr,0.77168554,0.74
1906,May,1.158719908,0.44
1906,Jun,0.619697001,1.24
1906,Jul,1.240795641,0.09
1906,Aug,1.374622775,-0.53
1906,Sep,0.513408591,-0.31
1906,Oct,1.123894198,0.08
1906,Nov,1.014286983,1.69
1906,Dec,-0.242148528,-0.54
1907,Jan,-0.781827703,-0.3
1907,Feb,-0.689984217,-0.32
1907,Mar,-2.011896674,-0.19
1907,Apr,-1.476972574,-0.16
1907,May,0.094411016,0.16
1907,Jun,0.702377353,0.57
1907,Jul,0.356488002,0.63
1907,Aug,-0.338621094,-0.96
1907,Sep,0.758204255,-0.23
1907,Oct,1.661951581,0.84
1907,Nov,1.546948273,0.66
1907,Dec,1.457587997,0.72
1908,Jan,1.373528816,1.36
1908,Feb,1.567448563,1.02
1908,Mar,0.647251923,0.67
1908,Apr,0.164189087,0.23
1908,May,0.239198603,0.23
1908,Jun,0.304579308,0.41
1908,Jul,0.238398688,0.6
1908,Aug,-0.382446047,-1.04
1908,Sep,0.74555275,-0.16
1908,Oct,0.90311611,-0.41
1908,Nov,1.685395845,0.47
1908,Dec,1.138727739,1.16
1909,Jan,0.496320321,0.23
1909,Feb,0.68207107,1.01
1909,Mar,0.717034097,0.54
1909,Apr,0.352237314,0.24
1909,May,0.054110297,-0.39
1909,Jun,-0.513089252,-0.64
1909,Jul,-1.272487221,-0.39
1909,Aug,-2.064870178,-0.68
1909,Sep,-1.832042514,-0.89
1909,Oct,-1.236267401,-0.02
1909,Nov,-1.37320232,-0.4
1909,Dec,-2.21578335,-0.01
1910,Jan,-1.35666754,-0.25
1910,Feb,-0.874913259,-0.7
1910,Mar,-0.577766739,0.18
1910,Apr,-1.634902334,-0.37
1910,May,-2.058344619,-0.06
1910,Jun,-0.437325086,-0.28
1910,Jul,-0.322907315,0.03
1910,Aug,-0.651173631,-0.06
1910,Sep,0.846285274,0.4
1910,Oct,-0.962917894,-0.66
1910,Nov,-0.648747321,0.02
1910,Dec,-0.01032691,0.84
1911,Jan,-0.478869079,-1.11
1911,Feb,-1.048333697,0
1911,Mar,-1.083293288,-0.78
1911,Apr,-0.344225853,-0.73
1911,May,-0.781392676,0.17
1911,Jun,-1.375990593,0.02
1911,Jul,-0.494999008,0.48
1911,Aug,0.063982021,0.43
1911,Sep,0.088368735,0.29
1911,Oct,0.065696584,0.2
1911,Nov,-0.230081064,-0.86
1911,Dec,-0.934115265,0.01
1912,Jan,-0.24412182,-1.72
1912,Feb,0.135709552,-0.23
1912,Mar,-0.153171873,-0.04
1912,Apr,-0.100407397,-0.38
1912,May,0.161605751,-0.02
1912,Jun,0.498418706,0.77
1912,Jul,0.396330371,1.07
1912,Aug,0.596977745,-0.84
1912,Sep,1.175888015,0.94
1912,Oct,0.85277089,0.56
1912,Nov,-0.041462463,0.74
1912,Dec,0.000355433,0.98
1913,Jan,-0.035824238,-0.03
1913,Feb,0.464458617,0.34
1913,Mar,0.123241612,0.06
1913,Apr,-0.341342786,-0.92
1913,May,0.264441141,0.66
1913,Jun,0.249031597,1.43
1913,Jul,0.793367658,1.06
1913,Aug,1.242357359,1.29
1913,Sep,0.794098368,0.73
1913,Oct,0.522269017,0.62
1913,Nov,0.403677251,0.75
1913,Dec,-0.004804931,0.9
1914,Jan,-0.419380135,0.34
1914,Feb,-0.150571851,-0.29
1914,Mar,0.217884304,0.08
1914,Apr,0.778209759,1.2
1914,May,0.640894546,0.11
1914,Jun,-0.709297805,0.11
1914,Jul,-0.675371034,-0.21
1914,Aug,-0.560020212,0.11
1914,Sep,-0.757242166,-0.34
1914,Oct,-0.243633066,-0.11
1914,Nov,0.048115568,0.03
1914,Dec,0.218052725,0.89
1915,Jan,-0.217781859,-0.41
1915,Feb,-0.186667597,0.14
1915,Mar,0.654955943,-1.22
1915,Apr,1.290516114,1.4
1915,May,1.380344651,0.32
1915,Jun,1.38586294,0.99
1915,Jul,1.444317932,1.07
1915,Aug,0.867749605,0.27
1915,Sep,0.456135093,-0.05
1915,Oct,-0.751476011,-0.43
1915,Nov,-0.941693235,-0.12
1915,Dec,-0.543532141,0.17
1916,Jan,-1.133707602,-0.64
1916,Feb,-1.172387608,-0.19
1916,Mar,-1.084249489,-0.11
1916,Apr,-0.573252019,0.35
1916,May,-0.521739188,0.42
1916,Jun,-1.48586647,-0.82
1916,Jul,-1.270118206,-0.78
1916,Aug,-1.590174897,-0.73
1916,Sep,-1.45226636,-0.77
1916,Oct,-1.37407125,-0.22
1916,Nov,-2.017022399,-0.68
1916,Dec,-2.003394054,-1.94
1917,Jan,-1.515505442,-0.79
1917,Feb,-1.362076163,-0.84
1917,Mar,-1.621813177,-0.71
1917,Apr,-1.612484029,-0.34
1917,May,-1.144027318,0.82
1917,Jun,-0.947392171,-0.03
1917,Jul,-0.762064238,0.1
1917,Aug,-0.542168522,-0.22
1917,Sep,-0.786303875,-0.4
1917,Oct,-0.999016204,-1.75
1917,Nov,-0.792671456,-0.34
1917,Dec,-0.780779675,-0.6
1918,Jan,-0.002085425,-1.13
1918,Feb,-0.307112244,-0.66
1918,Mar,-0.713691867,-1.15
1918,Apr,-0.454740549,-0.32
1918,May,-0.992410035,-0.33
1918,Jun,-0.856122131,0.07
1918,Jul,-0.253205777,0.98
1918,Aug,0.016474342,-0.31
1918,Sep,0.315761742,-0.59
1918,Oct,1.256669494,0.61
1918,Nov,1.162297991,0.34
1918,Dec,0.256922625,0.86
1919,Jan,0.092833131,-1.07
1919,Feb,-0.032806277,1.31
1919,Mar,-0.354728671,-0.5
1919,Apr,-0.345370695,0.08
1919,May,-0.95718394,0.17
1919,Jun,-1.425920154,-0.71
1919,Jul,-1.601917692,-0.47
1919,Aug,-0.66368262,0.38
1919,Sep,-0.275075402,0.06
1919,Oct,-0.497255994,-0.42
1919,Nov,-0.525910189,-0.8
1919,Dec,-0.258695544,0.76
1920,Jan,-1.293427959,-1.18
1920,Feb,-0.840413734,0.06
1920,Mar,-0.704367465,-0.78
1920,Apr,-0.850973971,-1.29
1920,May,-0.89349401,-0.97
1920,Jun,-1.101842055,-1.3
1920,Jul,-1.223752254,-0.9
1920,Aug,-1.885464759,-2.21
1920,Sep,-1.860923032,-1.28
1920,Oct,-1.661231166,-1.06
1920,Nov,-0.399224614,-0.26
1920,Dec,-0.528668832,0.29
1921,Jan,-1.023154742,-0.66
1921,Feb,-1.287765088,-0.61
1921,Mar,-0.387539977,-0.01
1921,Apr,-1.323439207,-0.93
1921,May,-1.183236744,-0.42
1921,Jun,-1.078859395,0.4
1921,Jul,-1.360918322,-0.58
1921,Aug,-1.39977804,-0.69
1921,Sep,-0.936775071,-0.78
1921,Oct,-1.168730326,-0.23
1921,Nov,-0.876054915,1.92
1921,Dec,-0.18977839,1.42
1922,Jan,-0.095281677,1.05
1922,Feb,-0.809977999,-0.85
1922,Mar,-1.166278537,0.08
1922,Apr,-1.379594574,0.43
1922,May,-1.518867213,-0.19
1922,Jun,-0.936142083,-1.04
1922,Jul,-0.662257505,-0.82
1922,Aug,-0.221485758,-0.93
1922,Sep,-0.204629046,-0.81
1922,Oct,-0.077545465,0.84
1922,Nov,-0.428354891,-0.6
1922,Dec,0.222960004,0.48
1923,Jan,-0.000776147,0.75
1923,Feb,-0.731287616,-0.04
1923,Mar,-0.743160995,0.49
1923,Apr,-0.323594585,0.99
1923,May,0.284397117,-0.2
1923,Jun,-0.805284227,0.68
1923,Jul,0.481284115,1.16
1923,Aug,0.349451628,0.84
1923,Sep,-0.003917858,-0.24
1923,Oct,0.275728519,1.1
1923,Nov,-0.161913845,0.62
1923,Dec,-0.095816406,-0.36
1924,Jan,-0.71010097,1.29
1924,Feb,-0.582259164,0.73
1924,Mar,-0.369974618,1.13
1924,Apr,-0.809082518,-0.02
1924,May,-0.230208369,0.36
1924,Jun,-0.289399681,0.75
1924,Jul,-0.560982508,-0.55
1924,Aug,-0.804708916,-0.67
1924,Sep,-1.385097494,-0.48
1924,Oct,-1.77990279,-1.25
1924,Nov,-1.24557775,0.24
1924,Dec,-0.417137102,0.11
1925,Jan,-1.031420556,-0.05
1925,Feb,-0.651308357,-0.14
1925,Mar,-0.591527789,0.2
1925,Apr,-1.065852315,0.86
1925,May,-0.297909872,0.79
1925,Jun,-0.708573259,-1.08
1925,Jul,-0.570527971,-0.06
1925,Aug,-0.277441664,-0.86
1925,Sep,0.368555805,0.52
1925,Oct,0.616537318,0.04
1925,Nov,1.290025041,0.88
1925,Dec,0.527319336,1.19
1926,Jan,0.805064833,0.3
1926,Feb,1.123463279,0.98
1926,Mar,1.148847832,-0.5
1926,Apr,1.61765561,2.1
1926,May,2.123479636,1.43
1926,Jun,1.449440508,2.03
1926,Jul,2.105833531,1.05
1926,Aug,1.953312619,1.64
1926,Sep,2.033110931,1.18
1926,Oct,1.976284982,1.65
1926,Nov,2.445720477,1
1926,Dec,2.114153055,1.06
1927,Jan,0.871871835,1.07
1927,Feb,1.195603311,1.73
1927,Mar,0.857602875,0.15
1927,Apr,0.068241699,-0.18
1927,May,-0.000860537,0.3
1927,Jun,0.466831343,0.69
1927,Jul,-0.014364795,-0.31
1927,Aug,-0.120850651,-0.73
1927,Sep,0.343072814,-0.41
1927,Oct,-0.336958955,-0.62
1927,Nov,-0.29034268,-0.07
1927,Dec,-0.135197898,0.07
1928,Jan,0.212188689,0.96
1928,Feb,0.578941335,0.79
1928,Mar,0.738851814,0.52
1928,Apr,0.382966043,0.81
1928,May,0.534184605,0.66
1928,Jun,0.949302126,0.15
1928,Jul,-0.408787987,0.3
1928,Aug,-0.57362209,-0.72
1928,Sep,-1.281766135,-1.41
1928,Oct,-0.752432097,-1.31
1928,Nov,0.262742729,0.14
1928,Dec,0.427035752,0.98
1929,Jan,0.728973778,0.97
1929,Feb,0.420530509,0.52
1929,Mar,0.177984658,0.5
1929,Apr,0.339839135,0.55
1929,May,0.378839622,1.07
1929,Jun,0.592537082,0.5
1929,Jul,0.085327298,-0.06
1929,Aug,0.149128086,-0.69
1929,Sep,1.032847656,0.45
1929,Oct,1.085916326,-0.21
1929,Nov,0.606552636,1.24
1929,Dec,1.480184981,-0.03
1930,Jan,1.132411985,0.97
1930,Feb,0.551016448,-1.06
1930,Mar,0.378393151,-0.43
1930,Apr,0.278322937,-0.7
1930,May,0.24089098,0.06
1930,Jun,0.169369632,0.58
1930,Jul,0.157607009,-0.45
1930,Aug,0.066744383,-0.53
1930,Sep,0.556581731,-0.2
1930,Oct,0.259563834,-0.38
1930,Nov,-0.094236173,-0.31
1930,Dec,0.829839257,1.2
1931,Jan,1.033979284,0.08
1931,Feb,1.050522942,1.56
1931,Mar,1.163915238,1.13
1931,Apr,1.387892014,1.28
1931,May,1.748917841,1.66
1931,Jun,1.527001226,0.39
1931,Jul,1.894490193,1.49
1931,Aug,1.034437698,0.02
1931,Sep,0.951372531,-0.01
1931,Oct,0.190472251,-0.17
1931,Nov,-0.207588869,0.34
1931,Dec,-0.887753078,1.09
1932,Jan,-1.093070594,-0.26
1932,Feb,-1.317355196,-0.58
1932,Mar,-0.608033504,0.51
1932,Apr,0.363247001,1.15
1932,May,-0.021753406,0.64
1932,Jun,-0.166287264,0.1
1932,Jul,-0.116509762,-0.12
1932,Aug,-0.091370286,-0.14
1932,Sep,-0.820047075,-0.4
1932,Oct,0.175771931,-0.29
1932,Nov,-0.242963993,-0.88
1932,Dec,0.161712898,0.02
1933,Jan,-0.51868196,0.29
1933,Feb,-0.891669844,0.02
1933,Mar,-0.907174285,0.15
1933,Apr,-0.624870142,-0.05
1933,May,-1.470206865,-0.5
1933,Jun,-2.135237177,-0.68
1933,Jul,-2.754241176,-1.81
1933,Aug,-2.340680646,-1.56
1933,Sep,-2.393631115,-2.28
1933,Oct,-1.457857261,-1.19
1933,Nov,-0.475906756,0.55
1933,Dec,-0.655375836,-1.1
1934,Jan,-0.739781927,0.17
1934,Feb,0.049033268,0.68
1934,Mar,0.61875453,1.34
1934,Apr,0.857080781,1.63
1934,May,0.594829791,1.23
1934,Jun,-0.240848451,0.51
1934,Jul,0.02337328,0.44
1934,Aug,1.005764431,1.54
1934,Sep,0.96042407,1.25
1934,Oct,1.671477795,2.1
1934,Nov,1.178305404,1.63
1934,Dec,0.939411865,1.67
1935,Jan,0.342032735,1.01
1935,Feb,-0.005092404,0.79
1935,Mar,-0.108887256,-0.11
1935,Apr,0.188013417,1.1
1935,May,0.65099973,0.99
1935,Jun,1.015222704,1.39
1935,Jul,0.558617718,0.68
1935,Aug,0.487005293,0.63
1935,Sep,0.589073465,0.98
1935,Oct,0.646531209,0.21
1935,Nov,0.370346164,0.13
1935,Dec,1.311758647,1.78
1936,Jan,1.568994608,1.79
1936,Feb,1.287734081,1.75
1936,Mar,0.925770123,1.36
1936,Apr,0.94850401,1.32
1936,May,1.318568809,1.83
1936,Jun,1.881504058,2.37
1936,Jul,2.515232026,2.57
1936,Aug,2.138866522,1.71
1936,Sep,1.307177466,0.04
1936,Oct,2.091814602,2.1
1936,Nov,2.537452648,2.65
1936,Dec,1.443508938,1.28
1937,Jan,0.039053282,0
1937,Feb,-0.183003179,-0.49
1937,Mar,0.039639264,0.38
1937,Apr,-0.355784593,0.2
1937,May,-0.100514629,0.53
1937,Jun,1.169813088,1.75
1937,Jul,0.098517681,0.11
1937,Aug,-0.407675462,-0.35
1937,Sep,0.36328199,0.63
1937,Oct,0.77344318,0.76
1937,Nov,1.170304773,-0.18
1937,Dec,0.581364739,0.55
1938,Jan,1.029947145,0.5
1938,Feb,-0.129668473,0.02
1938,Mar,-0.51699878,0.24
1938,Apr,-0.201936524,0.27
1938,May,-0.449773279,-0.25
1938,Jun,-0.463758562,-0.2
1938,Jul,-0.338749178,-0.21
1938,Aug,-0.287387626,-0.45
1938,Sep,0.02314658,-0.01
1938,Oct,0.868956032,0.07
1938,Nov,-0.151333674,0.48
1938,Dec,0.681853885,1.4
1939,Jan,0.543013226,1.36
1939,Feb,-0.225914744,0.07
1939,Mar,-0.587317451,-0.39
1939,Apr,0.000379915,0.45
1939,May,0.151783493,0.98
1939,Jun,-0.158795903,1.04
1939,Jul,-0.923733152,-0.21
1939,Aug,-0.913932947,-0.74
1939,Sep,-1.22601818,-1.1
1939,Oct,-1.257044022,-1.31
1939,Nov,-0.918678995,-0.88
1939,Dec,0.881630043,1.51
1940,Jan,1.31600891,2.03
1940,Feb,0.833935285,1.74
1940,Mar,1.36877944,1.89
1940,Apr,1.575284433,2.37
1940,May,1.540432338,2.32
1940,Jun,1.880800352,2.43
1940,Jul,1.684193853,2.12
1940,Aug,1.311361267,1.4
1940,Sep,1.140279755,1.1
1940,Oct,1.327164741,1.19
1940,Nov,1.601060583,0.68
1940,Dec,2.21116653,1.96
1941,Jan,2.248054794,2.14
1941,Feb,2.627301396,2.07
1941,Mar,2.276637737,2.41
1941,Apr,2.330469804,1.89
1941,May,2.041601222,2.25
1941,Jun,2.475051121,3.01
1941,Jul,2.822916754,2.33
1941,Aug,3.122120902,3.31
1941,Sep,2.045774858,1.99
1941,Oct,1.210270984,1.22
1941,Nov,1.421037695,0.4
1941,Dec,1.994964437,0.91
1942,Jan,2.027744135,1.01
1942,Feb,1.79708283,0.79
1942,Mar,1.331073182,0.29
1942,Apr,1.188214054,0.79
1942,May,0.803523984,0.84
1942,Jun,0.841753066,1.19
1942,Jul,0.880302141,0.12
1942,Aug,1.043516736,0.44
1942,Sep,0.801449457,0.68
1942,Oct,0.680307074,0.54
1942,Nov,0.276009599,-0.1
1942,Dec,-0.690989685,-1
1943,Jan,-1.505953485,-0.18
1943,Feb,-0.808368114,0.02
1943,Mar,0.266422678,0.26
1943,Apr,1.080715207,1.08
1943,May,0.514707545,0.43
1943,Jun,-0.256151999,0.68
1943,Jul,-0.373336892,-0.36
1943,Aug,-1.627637869,-0.9
1943,Sep,-1.389238732,-0.49
1943,Oct,-1.289655568,-0.04
1943,Nov,-0.281177127,0.29
1943,Dec,1.365564792,0.58
1944,Jan,1.226069827,0.18
1944,Feb,0.329404263,0.17
1944,Mar,-0.363936164,0.08
1944,Apr,-0.555900137,0.72
1944,May,-1.368940084,-0.35
1944,Jun,-1.758857033,-0.98
1944,Jul,-1.209189339,-0.4
1944,Aug,-0.637354485,-0.51
1944,Sep,-1.453295712,-0.56
1944,Oct,-1.083222733,-0.4
1944,Nov,-0.392043553,0.33
1944,Dec,-0.250638264,0.2
1945,Jan,0.13145186,-1.02
1945,Feb,-0.003211496,0.72
1945,Mar,0.434117843,-0.42
1945,Apr,0.077849771,-0.4
1945,May,-0.215018205,-0.07
1945,Jun,0.247999774,0.56
1945,Jul,0.533304277,1.02
1945,Aug,-0.050423064,0.18
1945,Sep,-0.016613816,-0.27
1945,Oct,0.191970468,0.1
1945,Nov,-0.892873166,-1.94
1945,Dec,-1.435527553,-0.74
1946,Jan,-0.96833486,-0.91
1946,Feb,0.419563092,-0.32
1946,Mar,0.799737398,-0.41
1946,Apr,1.157016921,-0.78
1946,May,0.130688385,0.5
1946,Jun,-0.042726533,-0.86
1946,Jul,0.272027655,-0.84
1946,Aug,0.218291427,-0.36
1946,Sep,0.119933046,-0.22
1946,Oct,-0.688934316,-0.36
1946,Nov,-1.255449912,-1.48
1946,Dec,-1.297986105,-0.96
1947,Jan,-0.315072088,-0.73
1947,Feb,0.031019111,-0.29
1947,Mar,0.296684506,1.17
1947,Apr,0.066271857,0.7
1947,May,-0.362345058,0.37
1947,Jun,0.70159493,1.36
1947,Jul,0.591614249,0.16
1947,Aug,0.573188565,0.3
1947,Sep,0.287785167,0.58
1947,Oct,1.119218009,0.85
1947,Nov,0.428739967,-0.14
1947,Dec,-0.346289965,1.67
1948,Jan,-0.077348393,-0.11
1948,Feb,-0.330332281,-0.74
1948,Mar,-0.786778524,-0.03
1948,Apr,-0.670427652,-1.33
1948,May,-1.417791927,-0.23
1948,Jun,-0.054518946,0.08
1948,Jul,-0.117966929,-0.92
1948,Aug,-0.617982134,-1.56
1948,Sep,-0.922055466,-1.74
1948,Oct,-1.743287435,-1.32
1948,Nov,-0.790319635,-0.89
1948,Dec,-1.665668576,-1.7
1949,Jan,-2.436404947,-2.01
1949,Feb,-2.640478689,-3.6
1949,Mar,-1.552418253,-1
1949,Apr,-1.209258969,-0.53
1949,May,-1.088990736,-1.07
1949,Jun,-1.109814016,-0.7
1949,Jul,-1.403033097,-0.56
1949,Aug,-1.363979431,-1.3
1949,Sep,-1.127009972,-0.93
1949,Oct,-1.790450512,-1.41
1949,Nov,-0.864425107,-0.83
1949,Dec,-0.751427711,-0.8
1950,Jan,-1.381976643,-2.13
1950,Feb,-1.697953184,-2.91
1950,Mar,-1.338449439,-1.13
1950,Apr,-1.475650987,-1.2
1950,May,-2.392213379,-2.23
1950,Jun,-2.040724297,-1.77
1950,Jul,-2.943128493,-2.93
1950,Aug,-2.188416808,-0.7
1950,Sep,-1.561797615,-2.14
1950,Oct,-1.316349343,-1.36
1950,Nov,-1.221320501,-2.46
1950,Dec,-0.949945243,-0.76
1951,Jan,-0.956057035,-1.54
1951,Feb,-1.181518357,-1.06
1951,Mar,-1.380311268,-1.9
1951,Apr,-1.172455761,-0.36
1951,May,-0.993834835,-0.25
1951,Jun,-1.296036819,-1.09
1951,Jul,0.024982073,0.7
1951,Aug,-0.958327732,-1.37
1951,Sep,-0.135608874,-0.08
1951,Oct,0.17036482,-0.32
1951,Nov,-0.185968346,-0.28
1951,Dec,-1.240340397,-1.68
1952,Jan,-2.032451702,-2.01
1952,Feb,-1.165251586,-0.46
1952,Mar,-1.503538681,-0.63
1952,Apr,-1.532419477,-1.05
1952,May,-1.526427836,-1
1952,Jun,-1.717802196,-1.43
1952,Jul,-1.75475147,-1.25
1952,Aug,-1.053903033,-0.6
1952,Sep,-0.747053825,-0.89
1952,Oct,-0.374353082,-0.35
1952,Nov,-0.16939895,-0.76
1952,Dec,-0.510671827,0.04
1953,Jan,-0.149614669,-0.57
1953,Feb,-0.375095985,-0.07
1953,Mar,-0.839500104,-1.12
1953,Apr,-0.572430608,0.05
1953,May,-0.272562372,0.43
1953,Jun,-0.161311405,0.29
1953,Jul,0.391440623,0.74
1953,Aug,-0.42396824,0.05
1953,Sep,-0.536753057,-0.63
1953,Oct,-0.894224337,-1.09
1953,Nov,-0.23206077,-0.03
1953,Dec,-0.103265121,0.07
1954,Jan,-0.733619694,-1.32
1954,Feb,-0.634762437,-1.61
1954,Mar,-0.813284515,-0.52
1954,Apr,-0.796917406,-1.33
1954,May,-0.322797985,0.01
1954,Jun,0.574961785,0.97
1954,Jul,-0.075337355,0.43
1954,Aug,-0.013215543,0.08
1954,Sep,-0.645133234,-0.94
1954,Oct,0.210577359,0.52
1954,Nov,0.988061145,0.72
1954,Dec,0.478070439,-0.5
1955,Jan,-0.235987319,0.2
1955,Feb,-0.573270752,-1.52
1955,Mar,-0.85335242,-1.26
1955,Apr,-1.583442247,-1.97
1955,May,-1.395899456,-1.21
1955,Jun,-1.882709292,-2.44
1955,Jul,-2.254343785,-2.35
1955,Aug,-2.024994418,-2.25
1955,Sep,-1.934006865,-1.95
1955,Oct,-2.783168995,-2.8
1955,Nov,-2.283302968,-3.08
1955,Dec,-1.772553739,-2.75
1956,Jan,-1.831460006,-2.48
1956,Feb,-1.860941855,-2.74
1956,Mar,-2.399103572,-2.56
1956,Apr,-2.028579843,-2.17
1956,May,-1.053251322,-1.41
1956,Jun,-1.520536047,-1.7
1956,Jul,-1.046243721,-1.03
1956,Aug,-0.463321735,-1.16
1956,Sep,0.063395157,-0.71
1956,Oct,-1.272947248,-2.3
1956,Nov,-2.198705979,-2.11
1956,Dec,-1.434355445,-1.28
1957,Jan,-1.338780093,-1.82
1957,Feb,-1.533106954,-0.68
1957,Mar,-0.828977459,0.03
1957,Apr,-0.663392014,-0.58
1957,May,0.093831186,0.57
1957,Jun,1.378070888,1.76
1957,Jul,0.640400671,0.72
1957,Aug,0.521374096,0.51
1957,Sep,1.763877776,1.59
1957,Oct,1.586937785,1.5
1957,Nov,1.574749923,-0.32
1957,Dec,0.424808886,-0.55
1958,Jan,0.641411061,0.25
1958,Feb,0.821998021,0.62
1958,Mar,0.712495841,0.25
1958,Apr,0.78646716,1.06
1958,May,1.419746646,1.28
1958,Jun,1.744901567,1.33
1958,Jul,0.805780271,0.89
1958,Aug,1.310951378,1.06
1958,Sep,1.007164852,0.29
1958,Oct,0.298533608,0.01
1958,Nov,0.245751351,-0.18
1958,Dec,0.919942953,0.86
1959,Jan,0.90515469,0.69
1959,Feb,0.46214468,-0.43
1959,Mar,0.134020952,-0.95
1959,Apr,0.081791942,-0.02
1959,May,0.228632511,0.23
1959,Jun,0.441629435,0.44
1959,Jul,-0.051221167,-0.5
1959,Aug,0.037059498,-0.62
1959,Sep,-0.239938363,-0.85
1959,Oct,1.072509763,0.52
1959,Nov,1.306156166,1.11
1959,Dec,1.092811076,0.06
1960,Jan,0.409428026,0.3
1960,Feb,0.730329306,0.52
1960,Mar,0.541715295,-0.21
1960,Apr,0.475220209,0.09
1960,May,0.652232398,0.91
1960,Jun,1.172236003,0.64
1960,Jul,0.099679783,-0.27
1960,Aug,0.177905942,-0.38
1960,Sep,-0.515014699,-0.94
1960,Oct,-0.055455211,0.09
1960,Nov,-0.008918644,-0.23
1960,Dec,0.085534313,0.17
1961,Jan,0.835647569,1.18
1961,Feb,0.856070109,0.43
1961,Mar,0.747615944,0.09
1961,Apr,0.471405981,0.34
1961,May,0.0410095,-0.06
1961,Jun,-0.204550378,-0.61
1961,Jul,-0.602374117,-1.22
1961,Aug,-0.265498901,-1.13
1961,Sep,-0.763267857,-2.01
1961,Oct,-1.360723835,-2.28
1961,Nov,-1.087296203,-1.85
1961,Dec,-1.528397988,-2.69
1962,Jan,-0.963327135,-1.29
1962,Feb,-0.783960168,-1.15
1962,Mar,-0.701492348,-1.42
1962,Apr,-0.57401473,-0.8
1962,May,-0.884002723,-1.22
1962,Jun,-1.488453556,-1.62
1962,Jul,-1.370877063,-1.46
1962,Aug,-0.460177094,-0.48
1962,Sep,-1.151280853,-1.58
1962,Oct,-1.411339804,-1.55
1962,Nov,-0.312499345,-0.37
1962,Dec,-0.204404333,-0.96
1963,Jan,-0.009042486,-0.33
1963,Feb,-0.012173301,-0.16
1963,Mar,-0.241601949,-0.54
1963,Apr,-0.314668614,-0.41
1963,May,-0.915826498,-0.65
1963,Jun,-0.560239128,-0.88
1963,Jul,-1.132651677,-1
1963,Aug,-0.769877618,-1.03
1963,Sep,1.162700797,0.45
1963,Oct,0.396137439,-0.52
1963,Nov,-0.28839324,-2.08
1963,Dec,0.399472472,-1.08
1964,Jan,0.377753017,0.01
1964,Feb,0.260148291,-0.21
1964,Mar,-0.481519165,-0.87
1964,Apr,-0.839453279,-1.03
1964,May,-1.741743577,-1.91
1964,Jun,-0.546021562,-0.32
1964,Jul,-0.864600866,-0.51
1964,Aug,-1.413125167,-1.03
1964,Sep,-1.119775416,-0.68
1964,Oct,-0.443812565,-0.37
1964,Nov,-0.626734222,-0.8
1964,Dec,-0.76931829,-1.52
1965,Jan,-1.1424258,-1.24
1965,Feb,-0.652523485,-1.16
1965,Mar,-0.228443484,0.04
1965,Apr,-0.218323045,0.62
1965,May,-0.68483603,-0.66
1965,Jun,-0.785970182,-0.8
1965,Jul,-0.804898859,-0.47
1965,Aug,0.34758539,0.2
1965,Sep,0.800853546,0.59
1965,Oct,0.31725636,-0.36
1965,Nov,0.382107236,-0.59
1965,Dec,0.072567577,0.06
1966,Jan,-0.667971042,-0.82
1966,Feb,-0.259340457,-0.03
1966,Mar,-0.591250622,-1.29
1966,Apr,-0.239191013,0.06
1966,May,-0.514396319,-0.53
1966,Jun,0.074141568,0.16
1966,Jul,0.115560347,0.26
1966,Aug,0.137448543,-0.35
1966,Sep,0.017303397,-0.33
1966,Oct,-0.281603895,-1.17
1966,Nov,-0.497792863,-1.15
1966,Dec,-0.251902127,-0.32
1967,Jan,-0.312042672,-0.2
1967,Feb,-0.207003683,-0.18
1967,Mar,-0.595579279,-1.2
1967,Apr,-0.805433148,-0.89
1967,May,-0.914779014,-1.24
1967,Jun,-0.648151047,-1.16
1967,Jul,-0.621362792,-0.89
1967,Aug,-0.72978379,-1.24
1967,Sep,-0.146344375,-0.72
1967,Oct,0.24417296,-0.64
1967,Nov,0.333148473,-0.05
1967,Dec,-0.714135918,-0.4
1968,Jan,-0.766802943,-0.95
1968,Feb,-0.465150937,-0.4
1968,Mar,-0.054377654,-0.31
1968,Apr,-0.517137476,-1.03
1968,May,-0.463977009,-0.53
1968,Jun,0.316722753,-0.35
1968,Jul,0.725846831,0.53
1968,Aug,0.371507702,0.19
1968,Sep,0.438532735,0.06
1968,Oct,-0.132899489,-0.34
1968,Nov,-0.001817784,-0.44
1968,Dec,-0.178985125,-1.27
1969,Jan,-0.584181676,-1.26
1969,Feb,-0.933600717,-0.95
1969,Mar,-0.859379007,-0.5
1969,Apr,-0.764704414,-0.44
1969,May,-0.613043248,-0.2
1969,Jun,0.839438092,0.89
1969,Jul,0.00446181,0.1
1969,Aug,-0.424602057,-0.81
1969,Sep,-0.550294862,-0.66
1969,Oct,1.082258062,1.12
1969,Nov,0.62314476,0.15
1969,Dec,0.957376936,1.38
1970,Jan,0.937843156,0.61
1970,Feb,0.982693117,0.43
1970,Mar,1.195605569,1.33
1970,Apr,0.432453079,0.43
1970,May,-0.518379556,-0.49
1970,Jun,0.084184103,0.06
1970,Jul,-0.649776818,-0.68
1970,Aug,-1.310300861,-1.63
1970,Sep,-1.140176178,-1.67
1970,Oct,-0.772329722,-1.39
1970,Nov,-0.653328873,-0.8
1970,Dec,-0.769035184,-0.97
1971,Jan,-1.147887432,-1.9
1971,Feb,-1.297639576,-1.74
1971,Mar,-1.25625329,-1.68
1971,Apr,-1.337187009,-1.59
1971,May,-1.461033467,-1.55
1971,Jun,-1.57842554,-1.55
1971,Jul,-2.040388516,-2.2
1971,Aug,-0.305679915,-0.15
1971,Sep,-0.29064757,0.21
1971,Oct,-0.464181943,-0.22
1971,Nov,-1.27068736,-1.25
1971,Dec,-1.652547416,-1.87
1972,Jan,-1.867833885,-1.99
1972,Feb,-1.737912176,-1.83
1972,Mar,-1.405587705,-2.09
1972,Apr,-1.549928957,-1.65
1972,May,-1.82480875,-1.57
1972,Jun,-1.712592856,-1.87
1972,Jul,-1.193354664,-0.83
1972,Aug,-0.030827667,0.25
1972,Sep,-0.203020136,0.17
1972,Oct,-0.420802144,0.11
1972,Nov,-0.160024365,0.57
1972,Dec,-0.488262311,-0.33
1973,Jan,-0.174204523,-0.46
1973,Feb,-0.311472111,-0.61
1973,Mar,-0.488895683,-0.5
1973,Apr,-0.735360521,-0.69
1973,May,-1.007194396,-0.76
1973,Jun,-1.018665557,-0.97
1973,Jul,-0.809625699,-0.57
1973,Aug,-0.912267608,-1.14
1973,Sep,-0.490399901,-0.51
1973,Oct,-0.82116131,-0.87
1973,Nov,-1.073397634,-1.81
1973,Dec,-0.771908899,-0.76
1974,Jan,-0.763008485,-1.22
1974,Feb,-1.182693622,-1.65
1974,Mar,-1.042403242,-0.9
1974,Apr,-0.571677716,-0.52
1974,May,-0.57621564,-0.28
1974,Jun,-0.335437248,-0.31
1974,Jul,0.090408685,-0.08
1974,Aug,0.216779148,0.27
1974,Sep,0.908170891,0.44
1974,Oct,0.466826144,-0.1
1974,Nov,0.666011317,0.43
1974,Dec,0.259270473,-0.12
1975,Jan,-0.457747059,-0.84
1975,Feb,-0.610145303,-0.71
1975,Mar,-0.663864761,-0.51
1975,Apr,-1.305800212,-1.3
1975,May,-1.563515499,-1.02
1975,Jun,-1.265188447,-1.16
1975,Jul,-0.604061777,-0.4
1975,Aug,-0.885878663,-1.07
1975,Sep,-0.908550309,-1.23
1975,Oct,-0.960410164,-1.29
1975,Nov,-1.296084172,-2.08
1975,Dec,-1.276615869,-1.61
1976,Jan,-0.952240495,-1.14
1976,Feb,-0.86968382,-1.85
1976,Mar,-0.977048208,-0.96
1976,Apr,-1.084880478,-0.89
1976,May,-0.964064912,-0.68
1976,Jun,-1.28502852,-0.67
1976,Jul,0.106333737,0.61
1976,Aug,0.946127648,1.28
1976,Sep,0.533908414,0.82
1976,Oct,1.102437809,1.11
1976,Nov,1.152237412,1.25
1976,Dec,0.981292023,1.22
1977,Jan,0.988758446,1.65
1977,Feb,1.332800349,1.11
1977,Mar,0.743776532,0.72
1977,Apr,0.010539601,0.3
1977,May,-0.16244386,0.31
1977,Jun,0.274892875,0.42
1977,Jul,0.354539191,0.19
1977,Aug,0.530088971,0.64
1977,Sep,-0.043251289,-0.55
1977,Oct,-0.440015698,-0.61
1977,Nov,-0.175453568,-0.72
1977,Dec,-0.010827204,-0.69
1978,Jan,0.574052435,0.34
1978,Feb,0.855606382,1.45
1978,Mar,1.243070318,1.34
1978,Apr,1.109294167,1.29
1978,May,0.998619898,0.9
1978,Jun,0.548959041,0.15
1978,Jul,-0.881581907,-1.24
1978,Aug,-0.311858933,-0.56
1978,Sep,-0.309494173,-0.44
1978,Oct,0.430448465,0.1
1978,Nov,0.136629195,-0.07
1978,Dec,-0.256075053,-0.43
1979,Jan,0.001083053,-0.58
1979,Feb,-0.653826613,-1.33
1979,Mar,-0.129365184,0.3
1979,Apr,0.210269065,0.89
1979,May,0.747545254,1.09
1979,Jun,0.375956492,0.17
1979,Jul,0.478058487,0.84
1979,Aug,0.569188747,0.52
1979,Sep,1.22472437,1
1979,Oct,1.36148398,1.06
1979,Nov,0.897683075,0.48
1979,Dec,0.311885465,-0.42
1980,Jan,0.12151714,-0.11
1980,Feb,0.546612443,1.32
1980,Mar,0.701258162,1.09
1980,Apr,0.877865265,1.49
1980,May,0.766288387,1.2
1980,Jun,-0.459863969,-0.22
1980,Jul,-0.099521187,0.23
1980,Aug,0.028803765,0.51
1980,Sep,-0.067156516,0.1
1980,Oct,1.135768608,1.35
1980,Nov,0.846231048,0.37
1980,Dec,0.429754488,-0.1
1981,Jan,0.897334332,0.59
1981,Feb,1.108112714,1.46
1981,Mar,1.305916885,0.99
1981,Apr,1.358312975,1.45
1981,May,1.484319887,1.75
1981,Jun,2.01134311,1.69
1981,Jul,1.175620539,0.84
1981,Aug,0.538809779,0.18
1981,Sep,0.818136705,0.42
1981,Oct,0.161921066,0.18
1981,Nov,0.535468841,0.8
1981,Dec,0.589908779,0.67
1982,Jan,0.130174158,0.34
1982,Feb,-0.026837174,0.2
1982,Mar,-0.07296768,0.19
1982,Apr,-0.530386188,-0.19
1982,May,-0.844893768,-0.58
1982,Jun,-0.771109563,-0.78
1982,Jul,0.063864093,0.58
1982,Aug,0.010736738,0.39
1982,Sep,0.490104683,0.84
1982,Oct,0.270336712,0.37
1982,Nov,-0.472467301,-0.25
1982,Dec,0.171315644,0.26
1983,Jan,0.367059368,0.56
1983,Feb,0.965746227,1.14
1983,Mar,1.726805145,2.11
1983,Apr,1.479049664,1.87
1983,May,1.260343995,1.8
1983,Jun,1.85960312,2.36
1983,Jul,2.417309406,3.51
1983,Aug,1.359180867,1.85
1983,Sep,0.663377193,0.91
1983,Oct,0.721549678,0.96
1983,Nov,1.114987324,1.02
1983,Dec,1.53315187,1.69
1984,Jan,1.179205555,1.5
1984,Feb,1.032827729,1.21
1984,Mar,1.352265298,1.77
1984,Apr,0.971184618,1.52
1984,May,1.068234741,1.3
1984,Jun,0.326252946,0.18
1984,Jul,0.300117591,-0.18
1984,Aug,0.597407188,-0.03
1984,Sep,0.450592992,0.67
1984,Oct,0.665687495,0.58
1984,Nov,0.670067792,0.71
1984,Dec,0.596809833,0.82
1985,Jan,0.831424507,1.27
1985,Feb,0.623462417,0.94
1985,Mar,0.036562105,0.57
1985,Apr,-0.174560951,0.19
1985,May,-0.442947436,0
1985,Jun,0.062977506,0.18
1985,Jul,0.451733975,1.07
1985,Aug,0.368483414,0.81
1985,Sep,0.237879488,0.44
1985,Oct,0.119355631,0.29
1985,Nov,-0.689488856,-0.75
1985,Dec,0.226726981,0.38
1986,Jan,0.939671262,1.12
1986,Feb,1.421695893,1.61
1986,Mar,1.477275121,2.18
1986,Apr,1.166657833,1.55
1986,May,0.812281725,1.16
1986,Jun,0.653396706,0.89
1986,Jul,1.004512533,1.38
1986,Aug,0.168474993,0.22
1986,Sep,0.339743962,0.22
1986,Oct,1.031251538,1
1986,Nov,1.660146831,1.77
1986,Dec,1.647193825,1.77
1987,Jan,1.446909228,1.88
1987,Feb,1.59640346,1.75
1987,Mar,1.580931046,2.1
1987,Apr,1.62132465,2.16
1987,May,1.154137705,1.85
1987,Jun,0.329989611,0.73
1987,Jul,1.471564369,2.01
1987,Aug,1.854506234,2.83
1987,Sep,1.569158243,2.44
1987,Oct,0.923842947,1.36
1987,Nov,1.100847522,1.47
1987,Dec,1.044928649,1.27
1988,Jan,0.707728259,0.93
1988,Feb,0.954198059,1.24
1988,Mar,0.915998349,1.42
1988,Apr,0.762406077,0.94
1988,May,0.736157766,1.2
1988,Jun,0.504998304,0.74
1988,Jul,0.310360185,0.64
1988,Aug,-0.305710602,0.19
1988,Sep,-0.356124579,-0.37
1988,Oct,0.162864951,-0.1
1988,Nov,0.1460417,-0.02
1988,Dec,-0.069159492,-0.43
1989,Jan,-0.801138201,-0.95
1989,Feb,-0.988455127,-1.02
1989,Mar,-0.768373024,-0.83
1989,Apr,0.110039482,-0.32
1989,May,0.13058117,0.47
1989,Jun,0.163932575,0.36
1989,Jul,0.608077833,0.83
1989,Aug,0.078504868,0.09
1989,Sep,-0.032095716,0.05
1989,Oct,-0.19487621,-0.12
1989,Nov,-0.585750486,-0.5
1989,Dec,-0.070679191,-0.21
1990,Jan,-0.257781994,-0.3
1990,Feb,-0.779767112,-0.65
1990,Mar,-0.645515592,-0.62
1990,Apr,0.122918381,0.27
1990,May,-0.065710021,0.44
1990,Jun,0.013715108,0.44
1990,Jul,0.104531201,0.27
1990,Aug,0.10227186,0.11
1990,Sep,0.078733725,0.38
1990,Oct,-0.742901839,-0.69
1990,Nov,-1.343225523,-1.69
1990,Dec,-1.691640834,-2.23
1991,Jan,-1.361888756,-2.02
1991,Feb,-0.84334892,-1.19
1991,Mar,-0.684059956,-0.74
1991,Apr,-1.010531903,-1.01
1991,May,-1.102819542,-0.51
1991,Jun,-1.609504567,-1.47
1991,Jul,-1.005548853,-0.1
1991,Aug,-0.208819358,0.36
1991,Sep,0.663950325,0.65
1991,Oct,0.652185088,0.49
1991,Nov,0.719590855,0.42
1991,Dec,0.015254792,0.09
1992,Jan,0.330850817,0.05
1992,Feb,0.386107524,0.31
1992,Mar,0.399672868,0.67
1992,Apr,0.700454449,0.75
1992,May,1.158320015,1.54
1992,Jun,1.028685906,1.26
1992,Jul,1.26111212,1.9
1992,Aug,0.864408705,1.44
1992,Sep,0.443460676,0.83
1992,Oct,0.978483619,0.93
1992,Nov,1.134222007,0.93
1992,Dec,0.31035753,0.53
1993,Jan,-0.115598103,0.05
1993,Feb,0.178888923,0.19
1993,Mar,0.502667149,0.76
1993,Apr,1.153496607,1.21
1993,May,1.805527453,2.13
1993,Jun,1.932911692,2.34
1993,Jul,1.444130311,2.35
1993,Aug,1.965840129,2.69
1993,Sep,1.303451141,1.56
1993,Oct,1.239578959,1.41
1993,Nov,1.132010864,1.24
1993,Dec,0.749828811,1.07
1994,Jan,0.904807718,1.21
1994,Feb,0.661213623,0.59
1994,Mar,0.547355174,0.8
1994,Apr,0.764399116,1.05
1994,May,0.83656355,1.23
1994,Jun,0.423946536,0.46
1994,Jul,-0.352879452,0.06
1994,Aug,-0.275068824,-0.79
1994,Sep,-0.860660103,-1.36
1994,Oct,-0.581791519,-1.32
1994,Nov,-1.499812028,-1.96
1994,Dec,-1.745772164,-1.79
1995,Jan,-0.484068741,-0.49
1995,Feb,0.218456655,0.46
1995,Mar,0.629364935,0.75
1995,Apr,0.682321211,0.83
1995,May,0.998223696,1.46
1995,Jun,1.063602784,1.27
1995,Jul,1.194066461,1.71
1995,Aug,0.343174728,0.21
1995,Sep,1.515382979,1.16
1995,Oct,0.90951095,0.47
1995,Nov,0.187381442,-0.28
1995,Dec,0.401286554,0.16
1996,Jan,0.92335417,0.59
1996,Feb,0.941076587,0.75
1996,Mar,0.994803095,1.01
1996,Apr,1.321783519,1.46
1996,May,1.924761639,2.18
1996,Jun,1.094350952,1.1
1996,Jul,0.594757902,0.77
1996,Aug,-0.167597193,-0.14
1996,Sep,0.490236984,0.24
1996,Oct,0.605221623,-0.33
1996,Nov,0.467489773,0.09
1996,Dec,0.08958349,-0.03
1997,Jan,0.552757182,0.23
1997,Feb,0.528701342,0.28
1997,Mar,0.704216552,0.65
1997,Apr,0.970897116,1.05
1997,May,1.78276399,1.83
1997,Jun,2.517402583,2.76
1997,Jul,1.716836241,2.35
1997,Aug,2.432858814,2.79
1997,Sep,1.897121707,2.19
1997,Oct,1.79680755,1.61
1997,Nov,1.507000602,1.12
1997,Dec,1.098613288,0.67
1998,Jan,1.079416552,0.83
1998,Feb,1.594840038,1.56
1998,Mar,1.651797236,2.01
1998,Apr,0.809614827,1.27
1998,May,0.079527014,0.7
1998,Jun,-0.313968515,0.4
1998,Jul,-0.392941964,-0.04
1998,Aug,-0.07520376,-0.22
1998,Sep,-0.836858877,-1.21
1998,Oct,-1.421311256,-1.39
1998,Nov,-0.225009042,-0.52
1998,Dec,-0.413137807,-0.44
1999,Jan,-0.22389747,-0.32
1999,Feb,-0.395893501,-0.66
1999,Mar,-0.413749349,-0.33
1999,Apr,-1.057138206,-0.41
1999,May,-1.645160946,-0.68
1999,Jun,-1.667105904,-1.3
1999,Jul,-1.270198374,-0.66
1999,Aug,-1.22018861,-0.96
1999,Sep,-1.30759535,-1.53
1999,Oct,-1.657750419,-2.23
1999,Nov,-1.559324007,-2.05
1999,Dec,-1.406689558,-1.63
2000,Jan,-1.613154328,-2
2000,Feb,-0.823439366,-0.83
2000,Mar,-0.200574773,0.29
2000,Apr,-0.156085086,0.35
2000,May,-0.263778093,-0.05
2000,Jun,-0.020538178,-0.44
2000,Jul,-0.736968407,-0.66
2000,Aug,-1.015218922,-1.19
2000,Sep,-1.00970793,-1.24
2000,Oct,-1.002061517,-1.3
2000,Nov,-0.589125055,-0.53
2000,Dec,0.364876143,0.52
2001,Jan,0.899519088,0.6
2001,Feb,0.621080531,0.29
2001,Mar,0.395626848,0.45
2001,Apr,-0.383088832,-0.31
2001,May,-0.351030085,-0.3
2001,Jun,-0.601209387,-0.47
2001,Jul,-1.487358021,-1.31
2001,Aug,-1.036334595,-0.77
2001,Sep,-1.250620135,-1.37
2001,Oct,-1.158865793,-1.37
2001,Nov,-0.722196083,-1.26
2001,Dec,-0.648730746,-0.93
2002,Jan,-0.138484103,0.27
2002,Feb,-0.775944848,-0.64
2002,Mar,-0.523846353,-0.43
2002,Apr,-0.563768285,-0.32
2002,May,-0.746349209,-0.63
2002,Jun,-0.465430598,-0.35
2002,Jul,-0.12829827,-0.31
2002,Aug,0.517187661,0.6
2002,Sep,0.213505354,0.43
2002,Oct,0.294775761,0.42
2002,Nov,1.301743235,1.51
2002,Dec,1.768712547,2.1
2003,Jan,1.685690387,2.09
2003,Feb,1.531666278,1.75
2003,Mar,1.464858321,1.51
2003,Apr,0.812497673,1.18
2003,May,0.747942895,0.89
2003,Jun,0.168289562,0.68
2003,Jul,0.706239514,0.96
2003,Aug,1.02541023,0.88
2003,Sep,0.431199166,0.01
2003,Oct,1.209280903,0.83
2003,Nov,0.332798714,0.52
2003,Dec,-0.120676598,0.33
2004,Jan,-0.158398821,0.43
2004,Feb,0.167854675,0.48
2004,Mar,0.288725068,0.61
2004,Apr,0.40740048,0.57
2004,May,0.950655484,0.88
2004,Jun,0.397627393,0.04
2004,Jul,0.537685294,0.44
2004,Aug,0.686349868,0.85
2004,Sep,0.302200066,0.75
2004,Oct,-0.419137802,-0.11
2004,Nov,-0.86050492,-0.63
2004,Dec,-0.3679858,-0.17
2005,Jan,0.006949685,0.44
2005,Feb,0.295607933,0.81
2005,Mar,0.94577855,1.36
2005,Apr,0.597031664,1.03
2005,May,1.53316624,1.86
2005,Jun,1.099316998,1.17
2005,Jul,0.623281533,0.66
2005,Aug,0.367098272,0.25
2005,Sep,-0.405306299,-0.46
2005,Oct,-1.179258606,-1.32
2005,Nov,-1.224596008,-1.5
2005,Dec,-0.067282017,0.2
2006,Jan,0.575458134,1.03
2006,Feb,0.551975197,0.66
2006,Mar,-0.255298675,0.05
2006,Apr,-0.29070515,0.4
2006,May,-0.165207141,0.48
2006,Jun,0.26302412,1.04
2006,Jul,0.533322945,0.35
2006,Aug,-0.352550589,-0.65
2006,Sep,-0.924577649,-0.94
2006,Oct,-0.036662122,-0.05
2006,Nov,-0.364768845,-0.22
2006,Dec,-0.1289657,0.14
2007,Jan,-0.25454596,0.01
2007,Feb,-0.131559484,0.04
2007,Mar,-0.622904274,-0.36
2007,Apr,-0.167092897,0.16
2007,May,-0.04539791,-0.1
2007,Jun,0.295725777,0.09
2007,Jul,0.828289339,0.78
2007,Aug,0.606763977,0.5
2007,Sep,-0.330802338,-0.36
2007,Oct,-1.645660201,-1.45
2007,Nov,-0.972838194,-1.08
2007,Dec,-0.473210305,-0.58
2008,Jan,-1.019215476,-1
2008,Feb,-1.032835499,-0.77
2008,Mar,-0.76430106,-0.71
2008,Apr,-1.186829316,-1.52
2008,May,-1.09478157,-1.37
2008,Jun,-1.414801071,-1.34
2008,Jul,-1.23963097,-1.67
2008,Aug,-0.927487272,-1.7
2008,Sep,-0.955852038,-1.55
2008,Oct,-1.115756798,-1.76
2008,Nov,-1.055039354,-1.25
2008,Dec,-1.020630393,-0.87
2009,Jan,-1.487925577,-1.4
2009,Feb,-1.317414836,-1.55
2009,Mar,-1.521132,-1.59
2009,Apr,-1.724492817,-1.65
2009,May,-0.922555745,-0.88
2009,Jun,-0.524561213,-0.31
2009,Jul,-0.407593571,-0.53
2009,Aug,-0.061945953,0.09
2009,Sep,0.603438301,0.52
2009,Oct,0.308587097,0.27
2009,Nov,-0.544646633,-0.4
2009,Dec,-0.19997491,0.08
2010,Jan,0.215998789,0.83
2010,Feb,0.503852369,0.82
2010,Mar,0.2282014,0.44
2010,Apr,0.150334844,0.78
2010,May,0.046065644,0.62
2010,Jun,-0.448629407,-0.22
2010,Jul,-1.293374811,-1.05
2010,Aug,-1.310204553,-1.27
2010,Sep,-1.370053818,-1.61
2010,Oct,-0.697449586,-1.06
2010,Nov,-0.891966288,-0.82
2010,Dec,-1.332770638,-1.21
2011,Jan,-1.312221441,-0.92
2011,Feb,-0.959506881,-0.83
2011,Mar,-0.812548998,-0.69
2011,Apr,-0.723351148,-0.42
2011,May,-0.50273419,-0.37
2011,Jun,-0.888678251,-0.69
2011,Jul,-1.821476338,-1.86
2011,Aug,-1.873502859,-1.74
2011,Sep,-1.743212682,-1.79
2011,Oct,-1.228581511,-1.34
2011,Nov,-2.205234884,-2.33
2011,Dec,-1.884778033,-1.79
2012,Jan,-1.531076561,-1.38
2012,Feb,-1.072700357,-0.85
2012,Mar,-1.234640977,-1.05
2012,Apr,-0.717657022,-0.27
2012,May,-1.540366131,-1.26
2012,Jun,-1.246020619,-0.87
2012,Jul,-1.851519856,-1.52
2012,Aug,-1.923182777,-1.93
2012,Sep,-2.246739504,-2.21
2012,Oct,-0.815808057,-0.79
2012,Nov,-0.465671193,-0.59
2012,Dec,-1.225006287,-0.48
2013,Jan,-0.919844779,-0.13
2013,Feb,-1.003334231,-0.43
2013,Mar,-0.939269368,-0.63
2013,Apr,-0.487009861,-0.16
2013,May,-0.337583385,0.08
2013,Jun,-0.747629178,-0.78
2013,Jul,-0.685545848,-1.25
2013,Aug,-0.583078252,-1.04
2013,Sep,-0.313135333,-0.48
2013,Oct,-1.180780316,-0.87
2013,Nov,-0.800914061,-0.11
2013,Dec,-0.864066766,-0.41
2014,Jan,-0.465947588,0.3
2014,Feb,-0.218634007,0.38
2014,Mar,0.476127147,0.97
2014,Apr,0.648202309,1.13
2014,May,1.305246765,1.8
2014,Jun,0.058430528,0.82
2014,Jul,0.881794643,0.7
2014,Aug,1.029308681,0.67
2014,Sep,1.303509187,1.08
2014,Oct,1.690332592,1.49
2014,Nov,1.490909342,1.72
2014,Dec,1.88796733,2.51
2015,Jan,1.613083682,2.45
2015,Feb,1.632960795,2.3
2015,Mar,1.587779781,2
2015,Apr,1.232285399,1.44
2015,May,0.97362125,1.2
2015,Jun,1.209086244,1.54
2015,Jul,1.607553514,1.84
2015,Aug,1.251713717,1.56
2015,Sep,1.022002179,1.94
2015,Oct,0.9463548,1.47
2015,Nov,0.458630837,0.86
2015,Dec,0.597918108,1.01
2016,Jan,1.056020626,1.53
2016,Feb,1.601240211,1.75
2016,Mar,1.915062682,2.4
2016,Apr,2.079374111,2.62
2016,May,2.109231712,2.35
2016,Jun,1.407148765,2.03
2016,Jul,1.131495694,1.25
2016,Aug,0.301882911,0.52
2016,Sep,0.093096762,0.45
2016,Oct,0.387993223,0.56
2016,Nov,1.466776339,1.88
2016,Dec,1.045964915,1.17
2017,Jan,0.529935749,0.77
2017,Feb,0.533049771,0.7
2017,Mar,0.500683592,0.74
2017,Apr,0.911163629,1.12
2017,May,0.945905305,0.88
2017,Jun,0.842419162,0.79
2017,Jul,0.347195312,0.1
2017,Aug,0.298611892,0.09
2017,Sep,0.452774508,0.32
2017,Oct,-0.060518691,0.05
2017,Nov,-0.260774709,0.15
2017,Dec,0.167289293,0.5
2018,Jan,0.648779005,0.7
2018,Feb,0.256392455,0.37
2018,Mar,-0.101934211,-0.05
2018,Apr,-0.12805164,0.11
2018,May,0.219217387,0.11
2018,Jun,-0.05677938,-0.04
2018,Jul,0.414330038,0.11
2018,Aug,0.395373353,0.18
2018,Sep,0.322256284,0.09
2018,Oct,0.196995289,0.310550064
2018,Nov,0.059435236,0.165805141
2018,Dec,0.401907965,0.52616549
2019,Jan,0.168147741,0.280195786
2019,Feb,0.032120768,0.137064017
2019,Mar,0.480365193,0.608720601
2019,Apr,0.775155533,0.918908072
2019,May,1.05235498,1.210585863
2019,Jun,0.672643716,0.811041981
2019,Jul,1.154865565,1.318450657
